customer_id,first_name,last_name,email,signup_date,country
1,Joseph,Cook,berrypaula@example.com,2025-08-16,Ireland
2,Monica,Baldwin,lopezdylan@example.org,2025-09-19,Georgia
3,David,Downs,jacqueline96@example.net,2025-11-22,Liberia
4,Sabrina,Mata,jenniferbarrera@example.org,2025-08-19,Liberia
5,Elizabeth,Jones,simmonsbrittany@example.org,2025-06-15,Andorra
6,Roberto,Doyle,diazrhonda@example.org,2026-06-22,Korea
7,Vanessa,Garcia,jaredadkins@example.com,2024-11-02,Kuwait
8,Monica,Beck,frankrichard@example.org,2026-02-13,Samoa
9,Chelsea,Richardson,irodgers@example.org,2026-01-04,Papua New Guinea
10,Jason,Mitchell,ymccoy@example.com,2025-12-10,Uganda
11,Debra,Cobb,kzhang@example.net,2026-01-13,Panama
12,Anthony,Sheppard,john51@example.org,2025-02-26,New Zealand
13,Joshua,Day,tiffanygonzalez@example.org,2025-05-18,Tajikistan
14,Paula,Clark,richardwhite@example.org,2025-06-20,Andorra
15,Brian,Barron,teresacollins@example.net,2026-04-12,Estonia
16,David,Barber,shawconnie@example.net,2026-03-11,Ireland
17,Michelle,Fowler,newmanbenjamin@example.org,2025-04-25,Guyana
18,Kristin,Simmons,amy54@example.org,2026-05-21,Cote d'Ivoire
19,Linda,Moore,padillaandrea@example.org,2025-08-28,Bahrain
20,Wesley,Hess,,2024-10-30,Central African Republic
21,Amanda,Pineda,barnesalexander@example.org,2026-04-13,Guatemala
22,Bianca,Jefferson,sadams@example.com,2025-10-10,Antigua and Barbuda
23,Sandra,Harrington,deanchristine@example.com,2025-02-19,Central African Republic
24,Melissa,Gray,lyonscindy@example.org,2025-05-10,American Samoa
25,Michael,Ortega,guzmanalyssa@example.org,2024-10-10,Andorra
26,Timothy,Neal,pgalloway@example.net,2026-07-18,Somalia
27,Zachary,Madden,cynthia29@example.com,2025-12-16,Saint Martin
28,Amber,Berger,william68@example.net,2026-07-22,Togo
29,Adam,Ochoa,fjuarez@example.com,2025-02-28,Tajikistan
30,Brenda,Ramirez,ellislisa@example.net,2026-06-29,Mauritius
31,Ernest,Chase,travisroman@example.org,2025-12-21,French Guiana
32,Haley,Cruz,mark11@example.org,2025-03-25,Saint Pierre and Miquelon
33,Heather,Cobb,kwhite@example.com,2026-02-05,Guadeloupe
34,Joyce,Brown,stephen70@example.com,2025-03-09,Uzbekistan
35,Mitchell,Foster,danderson@example.org,2025-12-17,Latvia
36,Brianna,Pope,gilbert61@example.org,2026-04-14,Netherlands
37,Jessica,White,anthony78@example.net,2025-04-15,Italy
38,Richard,Rangel,,2026-03-26,Yemen
39,Angela,Parker,rjohnson@example.org,2025-11-27,French Southern Territories
40,Franklin,Estrada,cindy07@example.net,2026-01-10,Sweden
41,Tim,Wells,michael41@example.com,2025-08-13,Burundi
42,Stephen,Chang,jacquelinesmith@example.net,2025-03-30,Mexico
43,Abigail,Clark,susansmith@example.net,2025-10-20,Colombia
44,Brian,Gallegos,jorge96@example.org,2025-10-06,Namibia
45,Lynn,Ayers,mccannsophia@example.net,2024-09-22,Netherlands
46,Charles,Young,,2025-11-01,British Indian Ocean Territory (Chagos Archipelago)
47,Jennifer,Jordan,rhondabrown@example.org,2025-03-20,Montenegro
48,Lisa,Watkins,davidwilliams@example.net,2026-05-25,Puerto Rico
49,Donna,Smith,walkerleslie@example.net,2025-04-28,Mexico
50,Meghan,Taylor,lindarussell@example.org,2026-03-18,Luxembourg
51,Lindsay,Nichols,bushcathy@example.net,2026-08-22,Congo
52,Timothy,Jordan,tylerthompson@example.org,2026-05-11,South Africa
53,Regina,Harper,ellisonmelissa@example.org,2024-12-02,Albania
54,Lauren,Mcdonald,whiteerin@example.net,2025-01-12,Saudi Arabia
55,Ronald,Turner,williamsjeffrey@example.net,2025-07-27,Qatar
56,Ethan,Cooper,judylogan@example.net,2025-06-23,Mongolia
57,Jason,Williams,nhall@example.net,2026-04-02,Guyana
58,William,Kramer,gjackson@example.org,2025-11-14,Benin
59,Jimmy,Reed,austin90@example.net,2024-12-28,Cameroon
60,Gary,Campos,joannadavis@example.com,2024-12-10,Lithuania
61,Lawrence,Gutierrez,jennifer80@example.com,2026-02-11,Tokelau
62,William,Benson,lawrencealexis@example.org,2025-08-03,Zimbabwe
63,Michael,Patel,petersonmichael@example.net,2024-09-20,United Kingdom
64,Larry,French,zporter@example.org,2025-03-06,Cayman Islands
65,Brandi,Stephens,halemichael@example.net,2025-05-24,Botswana
66,Dennis,Rice,hwebb@example.net,2024-11-27,India
67,Phyllis,Solis,jbell@example.com,2026-02-27,Guinea
68,Joseph,Patterson,pedrocarter@example.com,2025-07-30,Austria
69,Roger,Robinson,,2024-10-02,Congo
70,Deborah,Miller,khall@example.org,2026-02-09,Papua New Guinea
71,Ann,Williams,jrodriguez@example.net,2026-08-03,Guyana
72,Timothy,Miller,tiffany59@example.com,2026-07-20,Equatorial Guinea
73,David,Lee,mcastaneda@example.com,2026-06-10,United Arab Emirates
74,Angela,Dunn,lparks@example.com,2025-06-16,Jersey
75,Rhonda,Ortega,ewood@example.org,2025-01-16,Oman
76,John,Rhodes,ywelch@example.com,2026-08-11,French Southern Territories
77,Stephanie,Carey,reeveskaitlyn@example.com,2026-06-09,French Southern Territories
78,Laura,Turner,laura82@example.com,2026-03-30,Tajikistan
79,Emily,Conner,ortizhannah@example.com,2025-08-21,Uruguay
80,Aaron,Olsen,christopher31@example.org,2025-10-31,Pakistan
81,Kara,Tran,kayla61@example.net,2025-11-01,Zambia
82,Jason,Roberts,alan98@example.com,2026-05-20,Malaysia
83,William,Holland,hammondrobert@example.com,2025-08-06,Gabon
84,Brenda,Lewis,victoriasmith@example.com,2025-03-04,Senegal
85,Lawrence,Ford,mckinneydeborah@example.com,2025-08-25,Myanmar
86,Robert,Patrick,tmcintyre@example.net,2025-10-20,Kuwait
87,Robert,Brown,keith47@example.com,2026-07-04,Denmark
88,Jennifer,Garcia,john34@example.net,2025-11-24,Montenegro
89,John,Dean,iphillips@example.com,2025-11-29,Thailand
90,Christopher,Hutchinson,jessicawatson@example.net,2025-10-01,Saint Pierre and Miquelon
91,Heather,Lewis,arivers@example.net,2026-09-01,Trinidad and Tobago
92,Todd,Lewis,thompsonangela@example.net,2025-03-31,Antigua and Barbuda
93,Carlos,Gomez,tuckertheodore@example.com,2024-12-27,Germany
94,Christopher,Strong,andrew06@example.com,2026-07-17,Namibia
95,Marcus,Mitchell,randy88@example.net,2025-03-26,Tuvalu
96,Brooke,Gross,rickyharris@example.com,2024-10-25,Niger
97,Ashley,Hood,lewisalexis@example.org,2025-06-28,Holy See (Vatican City State)
98,Richard,Golden,troth@example.net,2025-11-08,Czech Republic
99,Arthur,James,,2025-07-04,Comoros
100,David,Graham,matthew89@example.com,2026-05-16,South Africa
101,Shane,Hanson,jefferyarnold@example.org,2025-06-23,San Marino
102,Candice,Brown,tammy25@example.net,2026-04-23,Vanuatu
103,Andrea,Vasquez,orobinson@example.net,2025-04-30,Saudi Arabia
104,Sherry,Kerr,pjohnson@example.org,2025-11-11,Mayotte
105,Tara,Cole,aimee31@example.com,2026-02-21,Gambia
106,Hannah,Chan,iking@example.com,2024-12-11,Guadeloupe
107,Colleen,Baker,iwells@example.com,2025-07-14,American Samoa
108,Sylvia,Evans,amanda69@example.org,2025-05-12,Swaziland
109,Maria,Lawrence,hernandezalex@example.net,2026-03-08,Oman
110,Mark,Johnson,andersonmichael@example.org,2024-11-27,Bouvet Island (Bouvetoya)
111,Robin,Gentry,katherinenichols@example.net,2025-11-03,Guernsey
112,Diana,Rodriguez,oturner@example.com,2025-02-07,Iran
113,James,Tate,stephanie98@example.org,2024-12-04,Iran
114,Nicholas,Jackson,xlawson@example.net,2026-07-23,Rwanda
115,Brian,Roach,daniel05@example.org,2025-10-22,Mali
116,Ryan,Adams,kendramoore@example.net,2025-06-15,Puerto Rico
117,Christina,Molina,brianhorne@example.net,2025-11-02,Guam
118,Mark,Hill,vanessafletcher@example.org,2026-02-19,Gabon
119,Kristen,Melton,mark86@example.net,2024-12-05,Cyprus
120,Bethany,Chaney,amanda32@example.net,2025-05-17,Guyana
121,Carrie,Simpson,marisachavez@example.net,2026-07-01,Maldives
122,Philip,Anderson,vdennis@example.net,2026-04-20,Mongolia
123,Alexander,Mora,lanepaige@example.org,2024-10-04,Greenland
124,Frank,Martinez,kcox@example.com,2025-10-15,Jersey
125,Joseph,Hudson,colemanchristopher@example.net,2026-05-21,Bahrain
126,Heather,Hernandez,murphysusan@example.org,2025-03-26,Afghanistan
127,Kenneth,Stone,garzajennifer@example.org,2026-08-04,Saint Helena
128,James,Castro,ccalhoun@example.com,2025-01-26,France
129,Lauren,Reed,jean36@example.com,2024-12-19,Haiti
130,Kim,Roberts,zamoramason@example.com,2024-12-13,British Indian Ocean Territory (Chagos Archipelago)
131,Kayla,Price,qferguson@example.org,2026-05-10,Grenada
132,Benjamin,Hunter,fkim@example.com,2025-04-12,Antarctica (the territory South of 60 deg S)
133,Christopher,Rodriguez,mcfarlandlucas@example.net,2025-01-02,Gabon
134,James,Walker,anthony11@example.com,2026-04-04,Netherlands
135,Lindsay,Rodgers,smithcalvin@example.net,2025-01-28,Western Sahara
136,Charles,Fritz,stonebobby@example.com,2024-09-13,Chile
137,Destiny,Cooper,sheilamiller@example.com,2025-06-06,Equatorial Guinea
138,Kristina,Odom,moorejames@example.net,2025-06-28,Antigua and Barbuda
139,Andrea,Shepard,sellis@example.com,2026-02-24,Uzbekistan
140,Michael,Peterson,pierceapril@example.net,2026-02-02,Cuba
141,Allen,Washington,dawnhamilton@example.org,2025-11-07,Maldives
142,Seth,Gallegos,fconner@example.net,2025-02-11,Switzerland
143,Nathan,Shepherd,kim22@example.com,2026-08-01,San Marino
144,Cheryl,Gutierrez,,2025-03-26,Uzbekistan
145,Sean,Morgan,tom74@example.net,2025-12-28,Kyrgyz Republic
146,Lisa,Wade,angela66@example.org,2025-12-08,Poland
147,Benjamin,Webb,griffinronald@example.org,2026-05-21,Papua New Guinea
148,Jillian,Gardner,,2024-10-05,Tunisia
149,Alicia,Smith,,2025-07-23,Botswana
150,Lawrence,Hernandez,,2025-04-19,Turkey
151,Trevor,Scott,kmartin@example.net,2025-06-17,India
152,Chad,Brooks,christinetaylor@example.org,2025-12-11,Angola
153,Mary,Brown,tortiz@example.net,2026-05-08,Bahamas
154,Emily,Olson,rcurry@example.net,2026-05-28,Macao
155,Jay,Ingram,lorimiller@example.net,2025-03-11,Gibraltar
156,Meghan,Chung,nathan62@example.com,2025-06-14,Moldova
157,Martin,Frye,cherylsmith@example.net,2026-05-28,Colombia
158,Melanie,Wright,kimberly30@example.net,2024-10-23,Jordan
159,Joshua,Dickerson,hjuarez@example.org,2026-07-15,Saint Pierre and Miquelon
160,Joseph,Good,arichards@example.com,2026-04-26,Nauru
161,Cheryl,Gomez,fcarlson@example.com,2024-11-21,Saint Barthelemy
162,Jose,Sullivan,joneslisa@example.org,2025-03-30,San Marino
163,Eric,Miller,zwilliams@example.org,2025-04-02,Samoa
164,Stephanie,Rangel,gregory91@example.com,2024-12-04,Antigua and Barbuda
165,John,Gentry,patricia11@example.net,2025-07-22,Netherlands
166,Brandon,Ward,jennifercraig@example.org,2025-05-06,Liberia
167,Barbara,Mcconnell,gmiles@example.com,2025-04-22,Gabon
168,Whitney,White,ashleymahoney@example.org,2025-11-27,Togo
169,Joshua,Soto,rachel99@example.org,2025-12-27,Reunion
170,Jared,Rivers,jessica91@example.org,2024-10-15,Heard Island and McDonald Islands
171,Alan,Bowers,holmesashley@example.org,2026-01-31,Samoa
172,Robert,Hutchinson,maxwellkeith@example.net,2026-02-22,Togo
173,Tonya,Stein,gwilson@example.org,2025-08-12,Bahamas
174,Carlos,Nelson,schmidtstephanie@example.org,2026-05-21,Israel
175,Nancy,Hodges,,2025-05-28,Pakistan
176,Sheila,Martinez,jonathan27@example.net,2025-08-16,Belgium
177,Terry,Rios,jennifer30@example.com,2026-07-19,Costa Rica
178,Stephanie,Smith,ryoung@example.org,2025-12-24,Jamaica
179,Jeffrey,Ward,tamaraholland@example.org,2026-04-22,Angola
180,Christina,Moran,robinsonrebecca@example.com,2024-09-27,Solomon Islands
181,Patricia,Wilcox,navarropatrick@example.org,2024-10-07,Niue
182,Donna,Colon,jwallace@example.com,2026-06-11,Saint Pierre and Miquelon
183,Wanda,Fritz,michaelrodriguez@example.org,2025-02-21,Aruba
184,Jennifer,Turner,rwood@example.net,2025-01-31,Uzbekistan
185,Yvette,Smith,hernandezjessica@example.com,2025-08-07,Spain
186,Justin,Garcia,rsmith@example.com,2024-10-25,Taiwan
187,Jennifer,Kelley,,2025-11-14,Bulgaria
188,Ashley,Warner,hernandezgina@example.org,2025-03-03,Maldives
189,Laura,Cobb,russell34@example.com,2024-10-15,United Arab Emirates
190,Tommy,Hamilton,rileywanda@example.net,2025-02-01,Bermuda
191,Rebekah,Love,richard39@example.org,2025-11-08,Ecuador
192,Gabrielle,Cross,jillian97@example.com,2025-02-02,Cayman Islands
193,David,Lopez,jamie19@example.net,2025-01-10,Guernsey
194,Jordan,Heath,stonehunter@example.org,2026-05-10,Macao
195,Crystal,Leonard,frederickadam@example.org,2026-06-27,Kyrgyz Republic
196,Derrick,Diaz,vclark@example.org,2025-04-20,Central African Republic
197,Robert,Vaughn,andrewsmaria@example.net,2025-11-25,Montserrat
198,Justin,Roberts,martin85@example.net,2024-10-02,Netherlands Antilles
199,Gina,Brown,boonejody@example.org,2025-01-09,Guatemala
200,Joseph,Bryant,alyssajackson@example.net,2026-05-22,Zimbabwe
201,Bobby,Thompson,bradduke@example.org,2025-09-24,United States Minor Outlying Islands
202,Zoe,Osborn,,2025-06-02,Japan
203,Kenneth,King,vthomas@example.net,2025-11-24,Guam
204,Eduardo,Flores,wdonovan@example.org,2026-04-30,Israel
205,Deborah,Mcdonald,michaelbrown@example.com,2026-07-03,Portugal
206,Eric,Baker,royjacob@example.net,2026-02-11,Lesotho
207,Mary,Fisher,freydavid@example.net,2025-11-24,Cuba
208,Matthew,Garcia,floreschristopher@example.com,2024-10-23,Egypt
209,Billy,Flores,floydmiranda@example.org,2026-07-28,New Caledonia
210,Krista,Cole,frowland@example.net,2025-04-23,American Samoa
211,Nathan,Calderon,johnsonstephanie@example.net,2024-11-12,Cuba
212,Emily,Potter,mark69@example.com,2026-07-13,Sri Lanka
213,Morgan,Abbott,christopherjohns@example.net,2025-07-25,Iran
214,Joseph,Davis,catherine29@example.net,2025-03-27,Denmark
215,Brian,Galloway,smithellen@example.net,2024-10-31,United States Virgin Islands
216,Crystal,Arnold,kaylaanderson@example.com,2025-07-04,Saint Pierre and Miquelon
217,Alison,Gonzalez,wjohnson@example.com,2025-07-18,New Zealand
218,Anthony,Harrison,andrew90@example.net,2025-09-02,Taiwan
219,Dominic,Martin,,2024-10-01,Ghana
220,Todd,Ballard,denisejohnson@example.com,2025-11-27,Norway
221,Clifford,Smith,andersonbrandi@example.org,2025-09-05,Guernsey
222,Keith,White,zharvey@example.org,2025-05-24,Cote d'Ivoire
223,Anthony,Sullivan,nbrown@example.org,2024-11-06,Western Sahara
224,Alexis,Houston,douglasclark@example.org,2024-09-19,Bahamas
225,Marc,Smith,daniellesmith@example.com,2025-01-13,Wallis and Futuna
226,Douglas,Obrien,michaelgarrison@example.org,2026-01-06,Antigua and Barbuda
227,Natalie,Dillon,jamesmedina@example.com,2024-11-23,Burkina Faso
228,Gabriel,Rodriguez,andrea22@example.com,2025-04-09,Djibouti
229,Nicole,Perkins,pereznatalie@example.net,2026-07-09,Holy See (Vatican City State)
230,Christian,Bailey,uandrade@example.net,2026-02-26,Ireland
231,Wanda,Adams,,2026-07-28,Georgia
232,Amanda,Greene,gbarker@example.com,2025-05-29,Palau
233,Mark,Davis,nserrano@example.net,2024-11-13,Saudi Arabia
234,Michael,Cole,millerricardo@example.org,2026-05-11,Afghanistan
235,Hunter,Green,scottjoel@example.org,2025-09-02,Bulgaria
236,Justin,Nelson,carriemarquez@example.net,2024-12-05,Denmark
237,Marie,Wright,jwilliams@example.com,2026-08-07,Jordan
238,Kara,Davis,glennmckay@example.net,2025-12-20,Antarctica (the territory South of 60 deg S)
239,Brittany,Brown,jeffreyrojas@example.com,2026-08-07,Colombia
240,Michael,Logan,dennis18@example.org,2026-09-12,Marshall Islands
241,David,Ward,colemanarthur@example.com,2026-06-07,Liechtenstein
242,Christopher,Harris,qgreen@example.net,2026-04-22,Canada
243,Laura,Simon,amy35@example.net,2025-09-23,Botswana
244,Rodney,Walls,tonya62@example.org,2026-01-02,Antigua and Barbuda
245,Michael,Ross,cwyatt@example.org,2026-05-31,Somalia
246,Kristine,Valenzuela,ruth94@example.com,2025-06-18,Bolivia
247,Tammy,Campbell,michaelscott@example.org,2025-12-17,Algeria
248,Stacey,Ewing,mooreamanda@example.com,2025-04-05,New Caledonia
249,Andre,Peterson,darlenehopkins@example.net,2026-08-13,Norfolk Island
250,Jeff,Stephens,jamesevans@example.net,2026-03-13,Burkina Faso
251,Michael,Hopkins,kennethdavies@example.com,2025-01-21,Dominica
252,Brian,Shepard,mark85@example.com,2025-07-08,Sudan
253,Philip,Holloway,tamarajackson@example.net,2025-10-06,Hong Kong
254,Keith,Lopez,juanwhite@example.org,2025-05-22,Estonia
255,Lisa,Dominguez,williskeith@example.net,2024-12-01,Kyrgyz Republic
256,Lisa,Cooper,teresalawson@example.org,2024-10-19,British Virgin Islands
257,Shane,Fleming,juan02@example.net,2025-01-27,Honduras
258,Benjamin,Sims,tdavis@example.net,2025-11-01,British Indian Ocean Territory (Chagos Archipelago)
259,Cameron,Garrett,john52@example.com,2026-07-31,Saint Barthelemy
260,Mary,Jackson,onolan@example.com,2025-11-27,Saint Lucia
261,Michael,Phillips,claireschmidt@example.net,2025-08-31,Botswana
262,Cynthia,Stephens,tracey48@example.com,2025-05-08,France
263,Jenna,Stone,llewis@example.net,2026-09-09,Bulgaria
264,Jose,Lozano,uwilliams@example.com,2026-02-26,Chile
265,Mary,Adams,earlgray@example.org,2026-06-08,Cayman Islands
266,Nancy,Butler,jimmy34@example.com,2026-01-08,Bosnia and Herzegovina
267,Monica,Green,jacksondaniel@example.net,2025-12-17,Indonesia
268,Steven,Miller,jackbrown@example.org,2025-02-02,Belgium
269,Steven,Nguyen,robertmelendez@example.net,2025-10-25,Japan
270,Megan,Sims,kristophermitchell@example.org,2024-11-23,Guyana
271,Laura,Jimenez,angelahill@example.net,2025-08-03,Hungary
272,Edward,Peterson,meganhodge@example.net,2025-03-22,Romania
273,Kathryn,Roberts,krangel@example.org,2024-09-23,British Virgin Islands
274,Christina,Young,erickane@example.org,2025-09-02,Thailand
275,Elizabeth,Rodriguez,irwinmargaret@example.com,2025-09-08,Korea
276,Eric,Mayo,bryanthomas@example.org,2026-08-21,Dominica
277,Dale,Terry,jeanette44@example.org,2025-06-07,Mali
278,Lori,Edwards,xvalentine@example.com,2025-05-17,Costa Rica
279,Anne,Mendoza,robert77@example.com,2025-06-11,Bouvet Island (Bouvetoya)
280,Christine,Chen,christina34@example.com,2026-02-16,Singapore
281,Dustin,Moore,tracyrose@example.org,2024-12-23,Reunion
282,Deborah,Powell,davidobrien@example.org,2024-11-28,Gabon
283,Christine,Howell,fostersharon@example.org,2026-05-21,China
284,Ashley,Lee,courtney02@example.net,2024-10-05,Barbados
285,Christopher,Brown,april38@example.org,2025-12-03,Norfolk Island
286,Daniel,Wood,arogers@example.org,2026-04-13,Ukraine
287,John,Roberson,robertfernandez@example.com,2024-10-06,India
288,Victoria,Mendez,eosborne@example.net,2024-10-20,Equatorial Guinea
289,Yvette,Sanchez,molinalisa@example.com,2025-02-21,Tokelau
290,Darrell,Young,ryan83@example.com,2025-08-03,Honduras
291,Tim,Gibson,bburch@example.net,2025-11-04,Austria
292,Craig,Nichols,moorethomas@example.org,2025-01-14,Papua New Guinea
293,Stephanie,Fisher,marshallshirley@example.com,2025-09-29,Liechtenstein
294,Debra,Berg,ctorres@example.org,2025-10-30,Pitcairn Islands
295,Ronald,Mcgee,kochsusan@example.net,2024-09-15,Pakistan
296,Caitlin,Strickland,robert11@example.com,2026-03-14,Cote d'Ivoire
297,Christopher,Jones,tonyabernard@example.com,2026-07-19,Norway
298,Robert,Mcbride,bradleyreeves@example.com,2026-01-25,Kuwait
299,Melissa,Roberts,omartin@example.net,2024-10-02,Mauritania
300,Lydia,Wood,tuckerblake@example.net,2026-01-26,Norway
