"customer_id","name","email","country"
1,Customer 1,user1@example.com,UK
2,Customer 2,user2@example.com,Pakistan
3,Customer 3,user3@example.com,USA
4,Customer 4,user4@example.com,UK
5,Customer 5,user5@example.com,Pakistan
6,Customer 6,user6@example.com,USA
7,Customer 7,user7@example.com,UK
8,Customer 8,user8@example.com,Pakistan
9,Customer 9,user9@example.com,USA
10,Customer 10,user10@example.com,UK
11,Customer 11,user11@example.com,Pakistan
12,Customer 12,user12@example.com,USA
13,Customer 13,user13@example.com,UK
14,Customer 14,user14@example.com,Pakistan
15,Customer 15,user15@example.com,USA
16,Customer 16,user16@example.com,UK
17,Customer 17,user17@example.com,Pakistan
18,Customer 18,user18@example.com,USA
19,Customer 19,user19@example.com,UK
20,Customer 20,user20@example.com,Pakistan
21,Customer 21,user21@example.com,USA
22,Customer 22,user22@example.com,UK
23,Customer 23,user23@example.com,Pakistan
24,Customer 24,user24@example.com,USA
25,Customer 25,user25@example.com,UK
26,Customer 26,user26@example.com,Pakistan
27,Customer 27,user27@example.com,USA
28,Customer 28,user28@example.com,UK
29,Customer 29,user29@example.com,Pakistan
30,Customer 30,user30@example.com,USA
31,Customer 31,user31@example.com,UK
32,Customer 32,user32@example.com,Pakistan
33,Customer 33,user33@example.com,USA
34,Customer 34,user34@example.com,UK
35,Customer 35,user35@example.com,Pakistan
36,Customer 36,user36@example.com,USA
37,Customer 37,user37@example.com,UK
38,Customer 38,user38@example.com,Pakistan
39,Customer 39,user39@example.com,USA
40,Customer 40,user40@example.com,UK
41,Customer 41,user41@example.com,Pakistan
42,Customer 42,user42@example.com,USA
43,Customer 43,user43@example.com,UK
44,Customer 44,user44@example.com,Pakistan
45,Customer 45,user45@example.com,USA
46,Customer 46,user46@example.com,UK
47,Customer 47,user47@example.com,Pakistan
48,Customer 48,user48@example.com,USA
49,Customer 49,user49@example.com,UK
50,Customer 50,user50@example.com,Pakistan
51,Customer 51,user51@example.com,USA
52,Customer 52,user52@example.com,UK
53,Customer 53,user53@example.com,Pakistan
54,Customer 54,user54@example.com,USA
55,Customer 55,user55@example.com,UK
56,Customer 56,user56@example.com,Pakistan
57,Customer 57,user57@example.com,USA
58,Customer 58,user58@example.com,UK
59,Customer 59,user59@example.com,Pakistan
60,Customer 60,user60@example.com,USA
61,Customer 61,user61@example.com,UK
62,Customer 62,user62@example.com,Pakistan
63,Customer 63,user63@example.com,USA
64,Customer 64,user64@example.com,UK
65,Customer 65,user65@example.com,Pakistan
66,Customer 66,user66@example.com,USA
67,Customer 67,user67@example.com,UK
68,Customer 68,user68@example.com,Pakistan
69,Customer 69,user69@example.com,USA
70,Customer 70,user70@example.com,UK
71,Customer 71,user71@example.com,Pakistan
72,Customer 72,user72@example.com,USA
73,Customer 73,user73@example.com,UK
74,Customer 74,user74@example.com,Pakistan
75,Customer 75,user75@example.com,USA
76,Customer 76,user76@example.com,UK
77,Customer 77,user77@example.com,Pakistan
78,Customer 78,user78@example.com,USA
79,Customer 79,user79@example.com,UK
80,Customer 80,user80@example.com,Pakistan
81,Customer 81,user81@example.com,USA
82,Customer 82,user82@example.com,UK
83,Customer 83,user83@example.com,Pakistan
84,Customer 84,user84@example.com,USA
85,Customer 85,user85@example.com,UK
86,Customer 86,user86@example.com,Pakistan
87,Customer 87,user87@example.com,USA
88,Customer 88,user88@example.com,UK
89,Customer 89,user89@example.com,Pakistan
90,Customer 90,user90@example.com,USA
91,Customer 91,user91@example.com,UK
92,Customer 92,user92@example.com,Pakistan
93,Customer 93,user93@example.com,USA
94,Customer 94,user94@example.com,UK
95,Customer 95,user95@example.com,Pakistan
96,Customer 96,user96@example.com,USA
97,Customer 97,user97@example.com,UK
98,Customer 98,user98@example.com,Pakistan
99,Customer 99,user99@example.com,USA
100,Customer 100,user100@example.com,UK
