"order_id","customer_id","product_id","amount","status","order_timestamp"
"002a9c20-a688-456f-a11f-b5ab2f613145",74,20,59.66,COMPLETED,2026-10-01 09:27:56.844
"00f518a4-b4e8-482f-9b23-199374547ef6",18,40,81.53,COMPLETED,2026-10-01 09:28:30.185
"014fbae7-068f-4e3f-ab59-c93017968073",75,41,134.73,CANCELLED,2026-10-01 09:27:49.632
"021ef391-d844-47b8-9bc9-e5b2cf2e76a2",78,42,445.57,PENDING,2026-10-01 09:27:39.720
"0372a5c7-1729-4d02-959e-191e1cf95587",48,37,65.14,CANCELLED,2026-10-01 09:28:38.495
"03ba4c05-d74a-4827-a3d7-7940af42df72",6,44,419.41,CANCELLED,2026-10-01 09:28:15.868
"04337869-953f-4ba7-a5f2-5821ef699e65",18,16,315.29,CANCELLED,2026-10-01 09:28:30.986
"06158a69-6107-4fb5-8c45-ad3336ffcb34",58,1,186.01,PENDING,2026-10-01 09:27:28.203
"083c147f-9884-40ff-acf7-5b955960be46",60,37,155.27,COMPLETED,2026-10-01 09:28:05.955
"08c56421-78a9-421e-aa71-bb8aa3e8688f",53,19,153.19,PENDING,2026-10-01 09:28:34.890
"0d28307c-bb4d-4bfb-89a3-acaf9c36e3ed",80,40,203.96,PENDING,2026-10-01 09:28:01.949
"0d61dcd7-4cc2-4ec9-9a74-64f1c7a3aa90",80,47,220.95,CANCELLED,2026-10-01 09:27:33.012
"0f8f7b4d-71e6-41c7-b042-f5139619f7a3",16,3,413.47,CANCELLED,2026-10-01 09:28:19.072
"10b36166-3263-4b05-b93d-74016d2a5ab2",4,4,333.91,COMPLETED,2026-10-01 09:27:45.328
"111eb0b5-a60e-4fc1-a7d2-a300857ea56d",68,42,280.00,PENDING,2026-10-01 09:27:52.036
"127d530a-2c9e-4125-885c-4df25d82155a",75,13,188.95,COMPLETED,2026-10-01 09:28:03.151
"12b21061-a9e8-4099-8fd6-2d8aed3630a0",52,41,374.07,COMPLETED,2026-10-01 09:27:44.527
"12f7b7de-e258-4393-be54-fcc20dacae9c",30,39,58.68,CANCELLED,2026-10-01 09:28:27.782
"15018b50-1367-4e28-99cb-d77097dc9850",68,16,65.74,PENDING,2026-10-01 09:27:34.214
"15406b87-54e4-432f-848a-f240e2f26a5f",21,8,23.90,CANCELLED,2026-10-01 09:28:03.552
"15cdbe3c-1bae-44ab-9034-eedfdeab365d",37,21,410.51,CANCELLED,2026-10-01 09:28:28.583
"17d9c9e7-5c6a-4995-8fcb-98652376d035",25,30,448.34,CANCELLED,2026-10-01 09:27:32.612
"18b4ad27-9b10-4a66-8c13-d53221854a25",46,47,264.50,PENDING,2026-10-01 09:28:07.558
"1940715b-7ad0-4d4c-8e2d-f451d4c2e5de",64,23,65.28,PENDING,2026-10-01 09:28:12.263
"1a3cfce7-fab5-4063-9a67-b8000d10a435",34,17,338.91,CANCELLED,2026-10-01 09:28:29.785
"1bab9bb0-938d-4c83-aa37-5565091d710d",52,25,255.93,PENDING,2026-10-01 09:28:36.492
"1bae5cfd-13f8-4ac4-b46c-3c9344e18c22",98,47,332.80,PENDING,2026-10-01 09:28:00.748
"1c2e7f3d-0841-482a-bd98-518f4ede7ce3",15,38,172.93,COMPLETED,2026-10-01 09:28:20.274
"1c7e99a8-57c9-40b4-9440-0f9a75825fb9",91,46,448.73,CANCELLED,2026-10-01 09:27:52.838
"1e35a99c-31a8-4967-adcb-9adb04b3b6a0",4,37,80.12,PENDING,2026-10-01 09:27:40.121
"2729975c-8b22-42ee-8123-0d6087456953",27,8,261.16,PENDING,2026-10-01 09:27:53.639
"28f25b72-4686-4ea8-9545-d40a493be9bd",33,13,287.66,CANCELLED,2026-10-01 09:28:19.473
"298b58f1-1c2f-461f-887e-8ae427f3ac8b",11,21,144.64,COMPLETED,2026-10-01 09:27:57.245
"2b915caa-31ef-4356-a555-4aed03a1f79f",61,15,437.77,COMPLETED,2026-10-01 09:27:29.004
"2ba295ff-f851-48ea-8311-3d3cd82c715f",57,38,408.02,PENDING,2026-10-01 09:27:50.434
"2d4ddecc-7616-4d7c-94f8-871ef165bd35",16,17,399.12,CANCELLED,2026-10-01 09:27:59.546
"2e23a0cf-951e-4324-bb8b-e0c377afe930",12,11,256.55,PENDING,2026-10-01 09:28:24.979
"2f83f0ca-6906-438d-9762-1a34bce5390c",40,4,429.25,CANCELLED,2026-10-01 09:28:31.787
"311572b7-167b-445c-b6b0-febc32e5a5bb",69,27,235.35,COMPLETED,2026-10-01 09:28:37.294
"31e6e609-8b26-4551-8197-bd3af68e7afa",36,3,194.42,CANCELLED,2026-10-01 09:27:56.044
"334466bb-e2ab-45a7-b6c8-6e3d0517b3e0",83,9,249.93,CANCELLED,2026-10-01 09:28:13.465
"342f0675-e0e2-4f98-a548-b11ce203a03b",13,7,299.21,PENDING,2026-10-01 09:27:44.927
"349e520c-b5b2-4199-8a1b-f551e3bf2389",54,5,21.79,CANCELLED,2026-10-01 09:28:28.183
"35055f06-0e89-4fac-bf45-195042876d77",18,31,383.84,CANCELLED,2026-10-01 09:27:54.841
"3bbd7111-17f1-424b-96f3-58faf87df3c4",82,34,40.14,COMPLETED,2026-10-01 09:27:51.636
"409337d4-d332-45a4-b693-b7e1f62dfbc6",62,14,130.67,COMPLETED,2026-10-01 09:27:48.832
"40f701c4-a746-4c28-8222-49081dd21d86",81,31,362.70,CANCELLED,2026-10-01 09:27:38.919
"419e8b47-d4d3-46cb-a223-b3eea7a73e34",94,15,272.48,COMPLETED,2026-10-01 09:27:45.729
"422fbd90-955e-4b43-b1b1-8e7d6bdefb3b",65,33,426.39,COMPLETED,2026-10-01 09:27:43.325
"43cb38af-816d-4b76-b182-834b2f2c968d",36,40,144.10,COMPLETED,2026-10-01 09:27:27.803
"468dd43a-057b-4d8e-b676-e5a0e3aec067",67,12,95.81,PENDING,2026-10-01 09:28:13.865
"47a66e19-9ab8-44b4-8aac-a1d4186ded27",59,22,198.70,PENDING,2026-10-01 09:27:55.643
"488f2249-0abc-49a9-8111-4633d092fadb",59,46,290.83,COMPLETED,2026-10-01 09:27:48.431
"4d389388-6b68-4bbb-a955-f92139b26c74",67,39,107.79,CANCELLED,2026-10-01 09:28:11.462
"4ea2ac1c-fe4f-4957-8d05-681c929f5b7d",29,23,238.24,PENDING,2026-10-01 09:28:16.269
"4fababce-876f-48f6-90e7-f9952fe0f5c8",99,14,443.26,CANCELLED,2026-10-01 09:28:39.296
"510d4800-74ff-4d36-9ee3-3e5bc00443db",51,7,430.67,COMPLETED,2026-10-01 09:27:50.033
"5466a2c0-30f6-4524-8651-52ba1c2c6bc3",68,16,145.17,COMPLETED,2026-10-01 09:27:33.814
"54ef6c2c-cbc0-4b6a-b620-02515aa5aeb6",34,40,23.77,PENDING,2026-10-01 09:28:02.350
"56b67034-0cec-4527-bb59-ab06f60ce09d",14,40,206.37,COMPLETED,2026-10-01 09:28:34.490
"56c5a67b-39c5-4b6d-927f-8dac14257655",98,18,382.65,COMPLETED,2026-10-01 09:28:13.064
"56c5eed0-8aa1-4c44-8f05-04fdf95c8c13",6,10,183.48,CANCELLED,2026-10-01 09:28:29.384
"56e6b56c-cf59-47a5-9974-7014527b3be9",69,29,64.29,COMPLETED,2026-10-01 09:28:17.470
"5714d30f-8957-47e3-8891-21a65d2006b5",33,38,337.87,COMPLETED,2026-10-01 09:28:24.578
"5a79d3f7-0112-415d-bef9-6352eade7f15",62,27,393.97,COMPLETED,2026-10-01 09:28:11.862
"5b34b621-379c-4b47-b00f-c7093e6984d3",40,14,362.95,CANCELLED,2026-10-01 09:28:30.586
"5c3bf346-23f8-4fb2-9521-a796cdab1668",51,29,436.91,PENDING,2026-10-01 09:28:26.580
"5f4e7616-f790-4448-919b-96f51aad8530",68,44,56.84,CANCELLED,2026-10-01 09:27:31.810
"5f8af60f-962e-463e-9ca1-b06fb7e30783",55,5,102.28,COMPLETED,2026-10-01 09:28:31.387
"605f14eb-d78f-42dc-9458-b84e4c220249",28,50,400.19,CANCELLED,2026-10-01 09:28:25.379
"60e3fe3f-ea71-4601-9033-b59cfbb4563f",8,45,194.55,CANCELLED,2026-10-01 09:28:23.377
"61cff708-bfab-4162-ab8e-0bde0da88d2a",87,11,126.44,CANCELLED,2026-10-01 09:27:53.238
"62440375-1cb3-4dde-9b62-74628ed2be03",78,47,384.92,CANCELLED,2026-10-01 09:27:38.518
"66c970ac-4ce2-413c-9237-dff5adf140be",31,47,33.05,COMPLETED,2026-10-01 09:28:34.089
"694b36bb-1b30-44ac-a8b3-01b9f363e661",96,49,442.20,PENDING,2026-10-01 09:28:08.358
"6a218163-5f9e-4ec9-a7c8-b4002bc5febd",42,8,215.12,PENDING,2026-10-01 09:28:32.188
"6e8f7919-e421-4757-b435-20693d253aa7",88,46,46.93,COMPLETED,2026-10-01 09:28:28.984
"6eb67aed-4ae4-41e7-ab47-06f443c7e77d",16,13,309.31,COMPLETED,2026-10-01 09:27:55.242
"704339f4-73f4-40f1-a8d1-44d9c6a21f88",26,16,151.33,COMPLETED,2026-10-01 09:27:51.235
"705766ae-2e8b-4899-95dd-2e5dc12fc61e",88,12,243.69,PENDING,2026-10-01 09:27:28.603
"73adfd64-536a-4a09-8bb2-226cbc0dd7be",90,24,134.24,CANCELLED,2026-10-01 09:27:37.317
"75d59f94-ec55-4a4c-90e6-53a0dd136b11",25,2,426.94,PENDING,2026-10-01 09:28:11.061
"77e0610d-5363-4d11-a122-e53c1b2eb97c",29,6,145.32,CANCELLED,2026-10-01 09:27:25.799
"77e2b85b-07f8-4f40-9409-4d2ebe9ca2b1",43,18,52.45,CANCELLED,2026-10-01 09:27:43.725
"7c271cc3-2cad-402b-9818-50def68850d7",50,7,167.94,CANCELLED,2026-10-01 09:27:42.524
"7cff6ac0-9d48-4539-9e1e-201984e8c329",99,2,201.97,PENDING,2026-10-01 09:28:07.958
"7d50ad1e-f869-4cb6-a002-18bb57e3e616",82,8,282.34,COMPLETED,2026-10-01 09:27:26.601
"7e970873-c917-4d83-9d98-f4065c94e779",64,22,65.05,PENDING,2026-10-01 09:27:36.515
"7f1d4cba-e2af-42b1-8d52-7ea49d6de666",87,11,190.37,COMPLETED,2026-10-01 09:28:04.353
"80d8fead-eae7-4282-9dd8-71ad17af5a45",9,23,184.10,PENDING,2026-10-01 09:27:37.717
"811c409c-d210-4ea5-b213-5ed24bbe3ba7",10,37,141.06,COMPLETED,2026-10-01 09:27:38.118
"8167daaf-85d9-48d8-a96a-7e924adc14d8",54,47,400.76,CANCELLED,2026-10-01 09:28:14.266
"818b4567-4a1b-4fa5-9164-6408a6b3775f",94,1,264.38,CANCELLED,2026-10-01 09:28:19.873
"819f01d1-c04f-460f-8556-a3e345be12b7",40,16,267.28,COMPLETED,2026-10-01 09:28:00.348
"82236947-2ce9-4d8f-ac8e-2c5c79bcba16",86,38,392.80,PENDING,2026-10-01 09:27:42.925
"82f17ae1-50e2-4b2a-ae18-bc67583b3b4d",71,42,209.61,COMPLETED,2026-10-01 09:27:56.444
"85105405-f42c-4cf8-9f08-3dc6f033610c",38,27,154.33,PENDING,2026-10-01 09:28:23.777
"85170ee9-c58c-48eb-a5f8-1a2b0355ec0b",97,45,87.11,CANCELLED,2026-10-01 09:28:16.669
"87a7a4dd-5bab-4765-ba10-42f7b96df764",23,12,171.41,CANCELLED,2026-10-01 09:28:18.672
"8912fb64-2eaa-440c-aac6-8c3fbe02679e",17,24,362.45,CANCELLED,2026-10-01 09:28:17.871
"8a7069d6-d36a-4551-9a25-7937fe5bfed9",19,12,118.33,CANCELLED,2026-10-01 09:28:06.356
"8c8a269e-5b95-4c9d-bfe4-65718ad4109a",84,38,425.09,COMPLETED,2026-10-01 09:28:14.666
"8cbecec2-622d-435b-8131-5f864909e6a6",92,47,251.51,COMPLETED,2026-10-01 09:27:31.009
"8d975d10-2bb6-41a5-ace8-ce212058061c",2,30,195.34,PENDING,2026-10-01 09:27:33.413
"8df60f01-a857-44aa-b75a-a47e8a304e67",20,27,193.84,CANCELLED,2026-10-01 09:28:01.549
"8e3e3b75-b528-44df-97d9-279bc13e249a",47,1,123.99,COMPLETED,2026-10-01 09:28:22.575
"8f832472-05e3-4864-9f13-9c63481762ac",66,45,65.60,CANCELLED,2026-10-01 09:27:30.208
"8fe6a3c9-6c6d-4ee2-be88-d788111751d7",55,46,386.31,COMPLETED,2026-10-01 09:28:15.468
"91b75fde-5e70-4322-b647-cc8798303427",66,16,399.73,COMPLETED,2026-10-01 09:28:17.070
"92e010d0-1adb-420d-88ce-29055e2461fc",34,38,164.00,COMPLETED,2026-10-01 09:27:26.200
"94ee5456-747f-431d-bc2f-8e9c8c202e42",59,40,144.61,COMPLETED,2026-10-01 09:28:26.981
"95713865-242d-4c1a-8237-43554309edb1",26,16,70.32,COMPLETED,2026-10-01 09:27:59.947
"9597c465-adbf-4284-a4ac-9eafa006b5d2",43,33,370.76,COMPLETED,2026-10-01 09:28:07.157
"986cc11b-a0d4-449e-a8e0-77b9266fa7ed",36,35,201.41,PENDING,2026-10-01 09:28:08.759
a0263eb6-0c3f-4cbb-b112-941707cfe8a1,5,25,294.50,PENDING,2026-10-01 09:27:48.031
a1d04d46-0f25-49c0-8b3d-6b57b1d04aa5,3,31,342.46,COMPLETED,2026-10-01 09:27:49.232
a42bd9d6-c872-4e43-9111-2b5a273de7a7,82,5,274.29,COMPLETED,2026-10-01 09:28:37.694
a4ea5ef6-7be7-4f74-aee3-2d047a3cbec5,32,4,58.95,CANCELLED,2026-10-01 09:28:25.780
a50186d0-d444-471d-bbd1-7e8783b5dcfd,5,48,301.81,PENDING,2026-10-01 09:28:24.177
a5cd4825-3b1a-4b1b-a336-6a094935b18a,14,20,173.69,COMPLETED,2026-10-01 09:27:25.399
a5de7eee-fe12-4694-abfa-3ff3757da47c,100,17,406.26,CANCELLED,2026-10-01 09:27:36.916
af20bc69-fb36-4a02-9e7d-473d182b5ecc,96,23,192.90,PENDING,2026-10-01 09:27:54.039
afd8e15e-c78e-4822-91e3-cdc3b19c7fbc,43,12,185.08,COMPLETED,2026-10-01 09:28:18.271
b04d8cdb-ad05-4ac4-af87-b525ab939df9,42,14,258.76,CANCELLED,2026-10-01 09:27:42.124
b06ace8b-a2d9-4c6a-b9db-f05e653a5845,15,44,435.25,PENDING,2026-10-01 09:27:50.834
b0e9ed12-e7f1-4c70-b7f8-17e40d72ddaf,61,13,290.93,COMPLETED,2026-10-01 09:28:05.154
b4b86861-3cc0-4c2c-87be-9bb57800e92d,28,44,180.00,COMPLETED,2026-10-01 09:27:30.609
b4dfe390-eafb-4c09-b436-7b88ab9c1ba7,87,23,216.37,PENDING,2026-10-01 09:27:41.723
b862b868-a550-4b1e-9f7e-aa98e7e7f794,37,2,237.36,CANCELLED,2026-10-01 09:28:36.893
c4808082-26b5-4cfa-866c-4a8eb6eeca94,3,26,330.39,PENDING,2026-10-01 09:27:40.922
c75cf395-7360-4882-9a78-82092dbb5a2d,56,30,284.47,CANCELLED,2026-10-01 09:28:35.691
c95007da-bc13-464f-b449-89c97737588e,45,3,322.94,PENDING,2026-10-01 09:28:06.756
c970fe4b-483c-42da-810e-28086a09b9f3,85,17,83.27,COMPLETED,2026-10-01 09:28:26.180
c9c5e969-b19f-4360-9e53-4f66a6b230b2,69,42,138.17,COMPLETED,2026-10-01 09:28:20.674
ccb435b8-fb54-4c27-8a52-5d1630d5d1bd,10,41,174.15,COMPLETED,2026-10-01 09:28:27.382
cfc436b3-b4a3-44fb-a92a-6c9bb1c77262,19,34,239.45,PENDING,2026-10-01 09:27:46.129
cfc4482f-0ece-44ba-9f70-fd2ed6f495d6,16,21,345.08,COMPLETED,2026-10-01 09:27:54.440
d07194e8-1987-4416-9407-905e84300752,52,33,308.85,CANCELLED,2026-10-01 09:28:38.896
d33fc6b4-e480-4094-9b81-5d15f4a68612,58,35,368.19,PENDING,2026-10-01 09:28:38.094
d3915168-40e3-49e7-8a69-360d3c6a55e4,63,40,247.66,CANCELLED,2026-10-01 09:27:29.407
d7906768-5233-4b94-be00-312abc94f8aa,93,9,27.72,CANCELLED,2026-10-01 09:27:40.522
d7ea412d-9e06-4d3e-bc85-83c111f4c845,78,31,35.61,COMPLETED,2026-10-01 09:28:09.160
d99f5dbb-2fed-42b1-b555-ca9b179fd0d8,4,27,198.15,CANCELLED,2026-10-01 09:27:27.001
dae116c2-ab86-4a44-9381-cb2436542278,28,14,86.97,PENDING,2026-10-01 09:28:12.663
dc9f709b-d62b-4ac4-a243-6d2909cfb450,83,2,201.93,CANCELLED,2026-10-01 09:27:39.320
dcd6e241-2b17-4725-b985-e41fb83171e8,11,10,105.58,COMPLETED,2026-10-01 09:28:02.751
dcfe9770-6dbe-4c98-845b-d58c61acf566,86,38,414.16,PENDING,2026-10-01 09:27:41.323
df4e798a-80c8-4502-a09a-51248edbf2df,27,49,133.06,CANCELLED,2026-10-01 09:27:32.211
e02bae06-721b-4157-a3ff-4b7ad9e76cfd,43,21,152.32,CANCELLED,2026-10-01 09:27:57.645
e0df6132-0c10-40a5-aced-2c8f7d260002,56,45,414.02,PENDING,2026-10-01 09:27:52.437
e54cb35a-31bf-473c-9f3d-3c56fbb0b104,63,13,126.70,COMPLETED,2026-10-01 09:28:15.067
e6378599-a53d-4c9f-b4a1-c607925bab73,74,50,436.92,COMPLETED,2026-10-01 09:27:29.808
e66e1e1d-d3a2-487c-82eb-8c426593f400,40,45,322.49,PENDING,2026-10-01 09:27:27.402
e76e1018-18c7-490d-9a6c-999c3ada9625,40,19,47.51,CANCELLED,2026-10-01 09:28:22.976
e7c200c8-9275-45af-8065-d247e69e11ca,40,21,287.41,PENDING,2026-10-01 09:28:01.149
f10f0013-2f4e-437c-be2e-4e2bbdba6313,72,5,66.13,COMPLETED,2026-10-01 09:27:44.126
f325073b-0f76-4e3c-b470-9bda140d8c38,46,38,61.51,COMPLETED,2026-10-01 09:27:34.614
f5a6e1e4-a497-4a7a-94a9-ec369a59003d,98,1,221.20,CANCELLED,2026-10-01 09:28:04.754
f5c288c2-f94e-4ca0-94e1-ce4a797e2d5c,13,16,15.76,COMPLETED,2026-10-01 09:28:05.555
f7c1fb9e-c9eb-492d-8ed7-ad1cdb4587f1,35,2,296.88,COMPLETED,2026-10-01 09:28:35.291
f9d0bdac-2212-4f33-a066-1dfc601c65a8,83,39,226.50,COMPLETED,2026-10-01 09:28:36.092
fc252f3d-378f-4069-a730-e52e8b7eeb6c,12,30,232.81,COMPLETED,2026-10-01 09:28:03.952
fe5d9d7a-d3e1-448b-8381-b6f851687b6b,57,34,299.90,PENDING,2026-10-01 09:27:31.410
