"event_id","customer_id","page_url","session_duration","event_timestamp"
"02b2ed89-313f-4af3-b96b-854d30faa8c3",33,/cart,122,2026-10-01 09:27:31.404
"04e167cf-dc26-44cd-8f50-c1c34819be49",29,/catalog,94,2026-10-01 09:28:33.272
"05a63d22-7bfa-4408-b6aa-ab4f834905f2",46,/product/detail,213,2026-10-01 09:28:04.446
"066f9759-6770-4fcf-8bb7-8476fd53942a",54,/catalog,173,2026-10-01 09:28:29.669
"0701ccf6-e4e6-44ac-95c3-6613ce9cbae6",27,/home,209,2026-10-01 09:27:54.237
"0a0ea269-6064-443e-ad32-7244374d3735",65,/product/detail,170,2026-10-01 09:28:12.253
"0b1bdff6-47aa-4e2b-9099-3e4071ec57f7",80,/home,174,2026-10-01 09:27:44.025
"0c063385-4114-4db3-b077-067ad30ebf75",99,/product/detail,221,2026-10-01 09:28:13.454
"0db7cfb8-a578-4a7f-b64f-9111bbf98d8c",48,/product/detail,15,2026-10-01 09:28:00.242
"0fb4224b-82ef-4038-a97f-18106db5986c",17,/product/detail,38,2026-10-01 09:27:49.431
"168f0868-a199-46ac-9c94-a8909a266800",26,/home,56,2026-10-01 09:27:44.625
"1719ed98-de24-4746-ae0a-af5aea718aa5",88,/catalog,24,2026-10-01 09:28:10.452
"1950a652-63c0-4335-a364-144c1f9cd7f7",19,/checkout,12,2026-10-01 09:28:31.470
"1a156eb1-5086-40c5-9f40-2be5bf60936f",17,/catalog,185,2026-10-01 09:28:37.476
"1b961239-6520-417b-b68c-1a084b2603fe",89,/product/detail,79,2026-10-01 09:28:33.872
"1c54cb66-696a-49a3-9a25-657bd4cffccc",25,/catalog,252,2026-10-01 09:28:01.443
"1d0cf7ec-0c17-48a4-b0ad-bb7223029fda",53,/home,71,2026-10-01 09:28:35.675
"1d46bd4c-91fe-4b54-8e09-106482f82997",11,/checkout,229,2026-10-01 09:28:20.661
"2213f693-148d-406e-a4cc-0f92e29b6d26",24,/product/detail,210,2026-10-01 09:28:24.264
"22b61adc-0b02-44b8-8bec-b6397c77626f",40,/checkout,220,2026-10-01 09:28:12.854
"23891b58-c415-4dbf-b203-fe85da9aebd3",15,/catalog,138,2026-10-01 09:28:22.462
"23e9aaf2-fb4b-40e5-87c8-1739615d884d",12,/catalog,124,2026-10-01 09:28:06.248
"26d6d7cf-428a-4bcc-aaab-8f8aaf432b84",98,/home,233,2026-10-01 09:28:23.063
"2c4b96f4-5157-4bf1-8a66-6c0fd1d56f10",56,/cart,263,2026-10-01 09:28:34.473
"2cefae6d-8ba4-4ec6-b150-0975c7304cec",24,/cart,185,2026-10-01 09:27:27.200
"2df13217-3c48-4b92-9cd9-99ae1860b5ae",100,/product/detail,40,2026-10-01 09:28:32.671
"30fb78a0-a20c-4ab6-9731-d5eae375adf3",29,/product/detail,251,2026-10-01 09:28:05.046
"358dab95-a613-4dee-aefb-baea21697961",28,/product/detail,84,2026-10-01 09:27:51.834
"365516da-2368-435d-9f52-5d413cb84920",85,/home,138,2026-10-01 09:28:18.259
"393f4897-3422-45e8-b3b7-d16ec26be3c8",27,/checkout,143,2026-10-01 09:27:56.639
"3b5185da-32f4-4c8e-957f-900ee75f21a5",7,/product/detail,167,2026-10-01 09:28:26.666
"4208f3bb-2f28-4dd5-a362-dce8c660a7d8",100,/cart,78,2026-10-01 09:27:41.621
"4b83abe5-6ef7-45ef-85e2-42d16583db5d",48,/cart,187,2026-10-01 09:28:21.261
"4c1248d9-2897-4672-82f5-37bfc4ee55fb",56,/product/detail,104,2026-10-01 09:28:15.256
"4d65fa2b-20d2-4052-8924-38c0a75260dc",6,/product/detail,297,2026-10-01 09:28:05.647
"4f352055-ec9f-4a0e-8186-7f7d931d544c",22,/home,300,2026-10-01 09:27:32.604
"531fd54a-a890-452e-9dab-29ca993c4157",20,/product/detail,296,2026-10-01 09:27:35.007
"53da4d9e-8277-4d2d-afb9-c95fc19296b7",90,/checkout,268,2026-10-01 09:28:26.066
"577e4fb3-ee6c-47c5-96d4-1beaf3310d77",97,/catalog,96,2026-10-01 09:28:11.653
"58dd3f85-e118-486a-8bc3-9e2d25e56afe",23,/product/detail,218,2026-10-01 09:27:27.801
"5daaccb9-38a0-4f9e-ae06-017f7e083cbc",80,/product/detail,233,2026-10-01 09:27:57.840
"62060a0d-d056-46d1-b768-656326dddc0d",43,/catalog,156,2026-10-01 09:28:27.867
"6445a762-282e-424a-af54-0457ba04ae3c",3,/catalog,14,2026-10-01 09:28:15.856
"64c2aa51-1f2b-4d30-b967-3d1b9d6615ac",49,/catalog,153,2026-10-01 09:27:56.039
"6a3e0755-a625-4ab4-bab0-ee4d606de181",7,/product/detail,185,2026-10-01 09:27:57.239
"6bcf70e0-0f6a-4104-affc-6751ed1b7acc",9,/cart,222,2026-10-01 09:28:35.074
"6d0422eb-909d-4d6e-b256-c17afcaa1aee",21,/catalog,113,2026-10-01 09:28:21.862
"6d131742-ec71-414e-8a9d-1663c5e20da1",60,/checkout,123,2026-10-01 09:28:36.876
"6dce8a59-5bfe-47b8-854b-536d192cb2b1",25,/product/detail,142,2026-10-01 09:28:39.278
"6e615841-8809-4860-89ee-d97041a4910f",100,/cart,60,2026-10-01 09:28:23.664
"79151f24-91c5-4bd1-81ca-8f8e96e2a0da",63,/checkout,117,2026-10-01 09:27:26.600
"7da53dc3-f7a0-40de-b3a9-c1845576f6da",38,/checkout,25,2026-10-01 09:28:02.044
"7e8d7587-9a85-47c2-a539-c8debcd1a764",21,/checkout,134,2026-10-01 09:27:40.420
"80bcbe54-486f-46cc-925c-457a030391ef",52,/catalog,155,2026-10-01 09:28:02.644
"82448809-ace7-44ad-b6ca-9be115efc041",86,/product/detail,177,2026-10-01 09:27:36.208
"839a256e-14a0-433a-a4d4-1c57c9f8ba7f",96,/home,23,2026-10-01 09:27:58.440
"83de3e16-b27d-49e3-9cf1-7a4de996a131",90,/cart,43,2026-10-01 09:27:53.035
"8739b3ac-430f-43e3-a3b8-77c88165ee2d",81,/checkout,86,2026-10-01 09:28:08.650
"904f2ccb-bdbf-48aa-bd25-715ad86d93ef",66,/home,254,2026-10-01 09:27:50.031
"90852494-b640-4dd9-bbe4-f2d38ee2126b",85,/product/detail,122,2026-10-01 09:27:42.823
"967bc431-4573-4d89-8d70-89cd7ef04fe6",21,/cart,29,2026-10-01 09:28:07.449
"9ace2953-ae40-42ba-a106-6b0e45c3f0c5",38,/product/detail,285,2026-10-01 09:27:45.226
"9d4deffa-ee56-4ae1-860f-a9f2cdc25d5a",82,/checkout,289,2026-10-01 09:28:28.468
a374b05d-4ba7-4ea5-850b-1462aac11e63,38,/cart,283,2026-10-01 09:27:45.827
a7002352-8199-490c-b765-bf6156eaeaff,91,/product/detail,235,2026-10-01 09:27:26.000
aa812b34-c7af-481f-aa1c-82923a34047f,74,/product/detail,276,2026-10-01 09:27:46.428
aaf73cb4-2eae-4544-9cd8-53a3e8207f56,63,/checkout,40,2026-10-01 09:27:30.803
ab01a469-3983-4853-bd3e-7de48c3ae220,63,/product/detail,87,2026-10-01 09:28:16.457
ad8c9d43-2f29-439c-8f8f-08c3f972de37,74,/product/detail,151,2026-10-01 09:27:32.004
ae6bffc1-013d-4f0c-baf3-7b40712f79de,86,/catalog,189,2026-10-01 09:28:14.655
b0e90259-2304-4297-bd1a-e2b1b3930ff7,37,/cart,112,2026-10-01 09:27:35.607
b44be170-9c8b-42f9-9da1-699a15272b2f,94,/catalog,295,2026-10-01 09:28:38.077
b4755353-8b25-490b-b013-5747eca896d7,88,/checkout,139,2026-10-01 09:28:08.049
b6143da8-a1e2-431f-8588-d7a4e83b3ca4,15,/catalog,46,2026-10-01 09:28:32.071
b6369d1c-41f3-4100-8809-1118f9df60ef,28,/catalog,180,2026-10-01 09:27:39.212
b66f3d5f-3028-407d-a5eb-acf19ec4b663,53,/catalog,217,2026-10-01 09:27:42.223
b6da2429-50bd-41b9-a250-dd79cd005ef8,47,/home,281,2026-10-01 09:28:38.677
b7c9d03e-956c-4263-8bc6-1c0bf2477899,83,/product/detail,165,2026-10-01 09:28:24.864
b86a48e5-f731-4d49-996c-45f33be13ae9,28,/cart,290,2026-10-01 09:28:19.460
b8e1ea39-19e5-4475-9b7a-a3773c422f3b,4,/checkout,246,2026-10-01 09:27:47.629
baca96d2-66e2-40d4-92c7-08e616aa1522,3,/catalog,88,2026-10-01 09:28:09.251
baee0764-ad97-40d7-86dc-e36567fcb772,73,/cart,97,2026-10-01 09:27:39.812
bcc1eea0-d319-4d14-b618-d67415a8ee1d,11,/home,266,2026-10-01 09:28:18.859
be49ad9a-9481-45b2-88c9-5a3727cfda40,33,/product/detail,104,2026-10-01 09:28:30.269
be565747-664e-427d-8b14-00341360b121,2,/home,119,2026-10-01 09:27:52.435
be97efeb-4409-4fe8-9514-bab20c01b29e,73,/catalog,41,2026-10-01 09:28:29.068
bf892a7b-e39f-4682-a7ac-5c9f453f2d0f,23,/checkout,100,2026-10-01 09:27:33.205
bfc7aefc-87b9-4e14-8db6-f0cf33904129,19,/checkout,266,2026-10-01 09:27:37.410
c0c09fd5-2511-4398-9a93-a40c7995a1f0,57,/cart,116,2026-10-01 09:27:53.636
c174931e-699c-4727-8042-f705fe4d3956,6,/checkout,272,2026-10-01 09:27:29.002
c77c4cb3-7fd9-4b1d-9240-f3e08a9fa805,40,/cart,300,2026-10-01 09:28:03.845
ca7c1913-14fb-4832-a882-698a9680d3dc,95,/checkout,10,2026-10-01 09:27:29.602
cc151357-bed2-4ca1-962b-c65483577a14,78,/cart,239,2026-10-01 09:27:48.831
d405cf20-2cea-413c-a2ca-19f85a534293,66,/cart,285,2026-10-01 09:27:38.011
d7bc6ee5-3f71-4146-854d-401493f8a1fd,11,/checkout,140,2026-10-01 09:28:11.052
db0f58f4-3d29-447f-85cc-b47207418d3d,48,/cart,101,2026-10-01 09:27:50.632
dbb2a75e-4f7b-4716-863f-a4aec6835de3,52,/home,158,2026-10-01 09:28:09.851
dd5c1c46-0ba0-4c3a-a937-f5e1393a4d91,88,/home,122,2026-10-01 09:27:28.401
e1500598-ce12-4854-92d4-69a87dab7d6b,20,/home,288,2026-10-01 09:27:38.611
e2a88feb-a9fd-41eb-ad25-bf1dad917908,4,/product/detail,235,2026-10-01 09:27:30.203
e38a7951-1256-4199-8048-78cfb1073cb6,78,/checkout,256,2026-10-01 09:27:51.233
e40d1f84-095a-46cb-8d6b-10f00ac3ac2b,36,/cart,290,2026-10-01 09:28:20.060
e4238f92-43a0-4402-a9d3-e8bd84e33d5e,10,/home,167,2026-10-01 09:27:36.809
ec7308d7-990c-418b-962c-c0df9ac80157,81,/catalog,281,2026-10-01 09:27:54.837
ef3194ee-0c2e-49b1-8217-595061ab21f6,84,/cart,97,2026-10-01 09:27:59.641
f3f068de-3dea-4a15-89ec-f465d4db6cab,91,/home,20,2026-10-01 09:28:30.870
f52e169a-5480-439a-ad84-63e685e2ca2f,80,/checkout,289,2026-10-01 09:27:59.041
f852248a-f927-481a-872c-48b459d09d89,36,/cart,165,2026-10-01 09:28:17.658
f8980a0d-24c4-422b-950d-87b9d466e9d0,82,/checkout,152,2026-10-01 09:28:03.245
f903a7cd-dff8-40e9-b415-b79e08caa021,2,/cart,214,2026-10-01 09:27:47.028
f9137acf-7edc-48a5-aa96-57604ba8ea06,80,/home,222,2026-10-01 09:28:27.267
f9215cbd-1da6-4cf1-b0f1-4679c744568e,55,/catalog,172,2026-10-01 09:28:14.055
fa6dfe4a-c4d2-4acf-9a34-e6a419d7aab9,33,/product/detail,256,2026-10-01 09:27:43.424
fc9b727b-6d01-4f7e-8773-226422f126d0,26,/product/detail,148,2026-10-01 09:28:06.848
fe5a7f4f-5a78-4c78-9dcb-062633b77a01,97,/product/detail,28,2026-10-01 09:27:55.438
