order_id,customer_id,product_id,quantity,order_date,status
1,294,245,2,2026-06-10,shipped
2,56,7,-1,2026-08-03,shipped
3,221,1,3,2026-04-05,shipped
4,300,196,1,2026-09-09,cancelled
5,314,161,2,2026-07-26,delivered
6,309,47,-1,2025-11-09,delivered
7,28,193,-1,2026-05-30,shipped
8,219,232,3,2026-03-16,
9,51,225,2,2026-04-26,
10,180,221,3,2025-10-26,delivered
11,303,194,2,2025-12-08,shipped
12,296,308,1,2026-07-16,pending
13,314,280,1,2026-08-05,
14,290,104,3,2026-08-16,pending
15,110,315,3,2026-08-23,delivered
16,305,270,-1,2026-03-12,delivered
17,305,303,3,2025-10-27,cancelled
18,239,242,1,2026-08-05,shipped
19,294,174,2,2026-08-30,cancelled
20,279,297,3,2026-03-15,shipped
21,315,111,3,2026-09-07,pending
22,308,125,1,2026-07-26,cancelled
23,300,285,2,2026-05-10,cancelled
24,148,9,3,,
25,290,157,-1,2026-05-29,pending
26,314,206,-1,2026-07-26,delivered
27,293,216,3,2025-09-27,delivered
28,164,291,3,2026-05-08,shipped
29,14,220,-1,2025-12-23,pending
30,312,99,2,2026-01-31,pending
31,98,122,1,2026-02-05,cancelled
32,315,19,3,2025-10-05,delivered
33,308,150,-1,2026-02-12,pending
34,309,17,1,2026-05-10,shipped
35,320,215,2,2026-07-17,
36,154,180,-1,2025-12-05,shipped
37,292,15,3,2026-04-29,shipped
38,173,236,3,2025-12-07,
39,311,230,2,2026-02-02,pending
40,319,288,2,2026-02-27,cancelled
41,291,194,2,2026-03-06,
42,149,68,-1,,delivered
43,302,109,-1,2026-02-18,
44,298,65,-1,2025-11-27,
45,129,194,3,2025-11-15,delivered
46,208,132,3,2026-05-15,cancelled
47,293,38,-1,2026-07-24,delivered
48,296,83,3,2026-06-11,
49,306,27,-1,2025-11-28,cancelled
50,276,48,3,2025-10-07,
51,290,317,-1,2025-12-10,shipped
52,316,72,-1,2026-08-15,delivered
53,291,187,2,2026-07-06,shipped
54,211,229,3,2025-10-11,pending
55,303,90,2,2026-03-15,delivered
56,46,151,1,2026-05-27,delivered
57,297,76,2,2026-05-12,delivered
58,73,8,1,2025-11-04,
59,167,19,-1,2026-03-19,cancelled
60,289,316,3,2025-11-23,
61,72,292,3,2025-11-18,pending
62,281,187,-1,2026-08-23,shipped
63,128,159,3,2026-08-04,cancelled
64,298,129,2,2026-08-17,cancelled
65,87,79,1,2026-06-04,pending
66,135,247,3,2025-10-06,delivered
67,315,286,1,2025-12-25,
68,317,53,1,2025-12-13,cancelled
69,232,306,2,2025-09-25,cancelled
70,319,48,1,2026-06-23,pending
71,204,130,-1,2026-04-20,pending
72,99,192,1,2026-04-22,delivered
73,296,81,-1,2026-06-20,shipped
74,182,163,3,2025-09-27,delivered
75,317,44,3,2026-03-24,
76,302,207,-1,2026-05-26,shipped
77,318,319,-1,2026-08-11,shipped
78,308,44,3,2026-03-01,cancelled
79,231,285,-1,2025-11-27,
80,307,190,-1,2025-10-29,
81,307,30,-1,2025-12-11,delivered
82,294,67,3,2026-03-06,
83,176,133,1,2026-01-16,shipped
84,147,309,1,2026-04-12,shipped
85,320,7,3,2026-06-23,
86,307,205,-1,2026-02-04,
87,238,98,2,2026-03-06,cancelled
88,317,147,2,2026-03-21,cancelled
89,291,167,1,2025-12-18,pending
90,296,155,1,2026-07-22,
91,59,102,3,2026-07-14,cancelled
92,316,12,3,2026-08-29,shipped
93,293,109,3,2025-09-20,cancelled
94,312,260,-1,2025-09-15,cancelled
95,195,113,2,2025-12-07,pending
96,316,244,1,2026-05-01,cancelled
97,162,61,2,2025-12-12,delivered
98,171,187,-1,2026-03-03,
99,316,3,1,2026-05-22,
100,81,68,2,2026-01-16,cancelled
101,50,217,-1,2026-08-11,pending
102,319,254,3,2026-08-05,
103,300,187,3,2026-06-26,cancelled
104,35,228,1,2026-03-08,shipped
105,8,79,2,2025-09-19,shipped
106,312,174,1,2025-11-15,shipped
107,317,28,2,2026-08-24,cancelled
108,10,146,3,2026-08-22,cancelled
109,59,139,1,2026-01-23,shipped
110,97,46,3,2026-03-29,pending
111,292,136,1,2026-07-01,pending
112,226,268,3,,shipped
113,257,246,3,2026-08-22,shipped
114,305,35,3,2025-12-29,shipped
115,294,137,1,2026-07-19,delivered
116,6,314,3,2026-07-11,cancelled
117,294,245,2,2025-09-15,
118,306,266,2,2025-10-20,pending
119,312,19,3,2025-10-10,
120,294,10,1,2026-03-11,
121,56,16,-1,2026-02-25,pending
122,305,54,1,2026-08-15,cancelled
123,285,120,-1,2026-04-11,cancelled
124,315,263,1,2026-07-14,delivered
125,58,101,1,2025-12-22,cancelled
126,192,58,-1,2025-12-29,shipped
127,307,32,1,2026-07-03,pending
128,19,277,1,2026-02-28,pending
129,312,240,3,2026-08-10,
130,303,83,1,2025-11-03,delivered
131,318,98,1,2026-08-05,pending
132,316,254,-1,2026-03-18,delivered
133,275,28,-1,2026-01-06,shipped
134,210,225,3,2025-11-03,
135,164,168,-1,2026-03-22,cancelled
136,121,295,3,2025-11-08,pending
137,317,256,2,2026-02-21,cancelled
138,171,205,1,2025-11-23,pending
139,257,47,3,2026-09-08,shipped
140,312,200,3,2026-01-24,delivered
141,299,16,2,2026-02-10,
142,176,103,3,2026-03-30,shipped
143,74,189,2,2026-08-27,shipped
144,194,276,-1,2026-08-15,pending
145,153,214,-1,2026-04-08,
146,85,223,1,2026-01-23,delivered
147,248,276,1,2026-02-08,shipped
148,147,1,2,2025-10-19,shipped
149,62,35,-1,2026-05-25,delivered
150,316,206,2,2025-11-05,cancelled
151,305,72,-1,2025-11-06,cancelled
152,298,314,2,2025-11-30,pending
153,177,206,1,2026-09-08,pending
154,137,265,2,2026-09-02,cancelled
155,295,135,2,2026-04-17,shipped
156,211,6,1,2026-06-08,delivered
157,316,213,3,2026-04-07,shipped
158,156,317,3,2025-10-08,
159,318,302,3,2026-01-27,cancelled
160,299,244,3,2026-05-30,
161,303,153,1,2026-05-19,delivered
162,4,137,3,2025-12-21,pending
163,312,87,2,2026-06-24,shipped
164,149,237,-1,2026-08-23,pending
165,320,233,-1,2026-03-13,shipped
166,294,240,2,2025-11-24,pending
167,217,135,3,2025-10-01,
168,81,115,-1,2025-09-18,
169,292,306,2,2026-03-10,delivered
170,260,269,-1,2026-03-22,delivered
171,235,231,3,2026-07-26,
172,295,249,-1,2026-01-12,pending
173,301,176,3,2025-11-28,
174,168,212,1,2026-06-15,cancelled
175,304,83,2,2025-12-19,pending
176,317,200,-1,2026-02-06,shipped
177,278,118,1,2026-06-03,shipped
178,317,275,1,2025-10-18,
179,301,264,3,2026-02-22,delivered
180,319,38,1,2025-11-23,delivered
181,14,171,-1,2026-01-03,shipped
182,20,63,3,2026-05-05,
183,157,194,3,2026-02-23,cancelled
184,296,239,1,2025-11-15,
185,302,289,1,2026-02-26,shipped
186,311,63,-1,2026-08-17,pending
187,299,211,-1,2026-06-06,
188,314,199,2,2025-10-01,
189,160,178,3,2026-07-12,delivered
190,318,146,2,2026-01-25,pending
191,71,116,1,2025-11-09,delivered
192,162,116,1,2026-08-23,pending
193,70,143,-1,,
194,107,120,3,2025-11-07,shipped
195,307,291,3,2025-12-18,
196,316,213,2,2026-04-07,shipped
197,315,62,1,2026-04-02,
198,164,225,-1,2026-03-05,cancelled
199,300,95,1,2026-08-26,delivered
200,295,232,3,2026-04-13,delivered
201,292,98,3,2026-01-29,delivered
202,93,18,1,2026-04-06,cancelled
203,27,318,2,2025-11-01,
204,64,193,-1,2026-02-16,
205,78,233,1,2026-04-09,delivered
206,178,116,3,2025-10-17,cancelled
207,312,237,-1,2026-08-10,shipped
208,308,89,1,2026-03-22,
209,222,251,1,2025-09-29,shipped
210,300,301,2,2026-06-02,delivered
211,300,87,2,2026-08-07,cancelled
212,213,172,1,2025-12-16,
213,320,241,2,2026-02-14,delivered
214,314,116,-1,2026-09-01,
215,95,98,2,2026-01-10,shipped
216,316,243,-1,2026-05-09,delivered
217,91,187,2,2026-05-18,delivered
218,147,235,2,2025-10-28,cancelled
219,92,151,2,2026-01-23,pending
220,320,280,2,2026-08-25,cancelled
221,303,171,2,2026-08-19,shipped
222,308,159,1,2025-11-09,pending
223,290,32,-1,2025-09-29,
224,306,94,2,,pending
225,313,171,1,2026-02-02,cancelled
226,231,305,2,2026-02-20,
227,137,205,1,2026-07-27,delivered
228,165,144,2,2026-02-20,delivered
229,311,171,3,2025-10-01,delivered
230,294,31,2,2026-05-23,cancelled
231,130,315,1,2026-01-02,cancelled
232,131,12,1,,cancelled
233,297,276,-1,2026-04-15,delivered
234,201,128,2,,delivered
235,46,77,3,2025-12-16,
236,123,273,-1,2026-03-16,shipped
237,30,36,2,2026-03-02,
238,318,90,2,2026-04-29,shipped
239,304,81,1,2026-02-09,
240,144,82,1,2026-06-09,shipped
241,305,114,1,2025-11-04,cancelled
242,314,129,3,2026-06-01,cancelled
243,310,93,3,2025-11-03,delivered
244,101,174,3,2026-03-09,
245,76,113,2,2025-10-25,cancelled
246,44,57,-1,2026-03-10,shipped
247,111,65,2,2026-01-21,shipped
248,98,172,3,2026-08-18,delivered
249,320,192,-1,2026-01-24,
250,293,225,1,2026-05-19,shipped
251,281,68,-1,2025-09-19,pending
252,296,77,1,2026-07-02,shipped
253,302,108,-1,2026-05-28,
254,307,113,3,2026-07-24,pending
255,290,137,-1,2026-08-29,shipped
256,310,275,2,2026-09-07,pending
257,308,7,-1,2025-09-27,shipped
258,296,248,3,2026-06-17,
259,308,190,-1,2025-12-14,delivered
260,293,27,-1,2025-09-18,
261,293,130,-1,2026-05-16,delivered
262,179,148,3,2025-12-15,pending
263,298,91,2,2025-09-30,shipped
264,308,28,2,2026-02-17,cancelled
265,52,179,-1,2026-05-12,
266,86,297,-1,2025-10-14,shipped
267,310,178,-1,2026-01-03,shipped
268,319,82,2,2026-02-06,cancelled
269,124,218,1,2026-03-09,
270,314,171,-1,2026-04-09,cancelled
271,312,142,-1,2026-01-22,
272,210,40,-1,2025-10-13,
273,209,115,2,2026-01-30,delivered
274,157,244,-1,2025-09-21,shipped
275,317,121,-1,2026-04-19,delivered
276,306,289,-1,2026-05-13,
277,175,15,3,2026-01-26,
278,276,37,-1,,cancelled
279,319,73,3,2026-01-24,cancelled
280,189,170,1,2026-07-18,pending
281,293,193,2,2026-05-06,cancelled
282,301,230,2,2026-07-01,shipped
283,315,292,2,,delivered
284,107,93,3,2026-04-09,cancelled
285,303,149,1,2026-03-18,shipped
286,308,277,2,2026-08-17,pending
287,304,203,1,2026-01-23,
288,299,126,2,2025-12-02,
289,291,162,3,2026-09-12,pending
290,316,207,3,2026-09-04,
291,239,279,2,2026-04-19,
292,313,192,-1,2026-01-21,cancelled
293,40,164,3,2025-11-21,shipped
294,309,232,-1,2025-10-01,
295,167,10,1,2026-03-03,cancelled
296,119,113,3,2026-03-03,
297,261,29,2,2026-09-06,cancelled
298,303,313,2,2025-10-06,pending
299,296,289,3,2026-09-07,delivered
300,318,149,3,2026-07-26,delivered
301,312,14,-1,2025-11-09,pending
302,23,49,1,2026-02-15,cancelled
303,134,40,3,2026-07-27,pending
304,319,295,-1,2026-05-09,pending
305,301,10,1,2026-08-31,delivered
306,290,31,1,2026-05-22,cancelled
307,295,45,-1,,
308,318,16,2,2026-05-29,pending
309,98,93,1,2026-06-24,
310,269,245,1,2025-12-08,
311,84,88,1,2026-03-08,shipped
312,293,90,3,2025-09-18,shipped
313,318,194,2,2026-03-19,shipped
314,218,142,1,2026-04-12,cancelled
315,255,271,1,2026-07-06,cancelled
316,298,17,2,2026-03-14,pending
317,251,170,1,2026-09-12,shipped
318,320,36,3,2026-04-29,shipped
319,314,178,3,2025-12-26,
320,318,188,1,2025-12-31,
321,115,67,2,2025-12-05,shipped
322,301,32,1,2026-01-13,cancelled
323,304,155,1,2026-03-25,
324,302,87,-1,2026-04-07,pending
325,291,201,2,2026-07-21,cancelled
326,297,101,1,2025-10-29,pending
327,48,149,2,2026-01-14,shipped
328,266,168,3,2026-04-21,shipped
329,203,219,2,2025-10-18,
330,302,33,-1,2026-05-08,cancelled
331,303,312,1,2026-03-21,cancelled
332,193,290,1,2026-08-20,pending
333,308,126,1,2026-01-09,pending
334,78,42,3,,shipped
335,190,141,-1,2026-03-06,cancelled
336,289,16,3,2026-07-09,
337,66,18,1,2025-12-27,
338,205,32,2,2025-09-13,shipped
339,260,118,3,2025-10-28,
340,217,158,-1,2026-02-16,shipped
341,301,253,1,2025-09-25,shipped
342,293,16,3,2025-12-12,pending
343,234,123,3,2026-07-29,shipped
344,299,77,-1,2026-07-09,cancelled
345,76,70,-1,2026-01-10,shipped
346,289,243,1,2026-08-15,shipped
347,95,101,1,2026-08-11,cancelled
348,298,203,-1,2026-06-15,shipped
349,180,152,-1,2026-05-31,pending
350,314,266,3,2025-10-30,
219,92,151,2,2026-01-23,pending
48,296,83,3,2026-06-11,
336,289,16,3,2026-07-09,
45,129,194,3,2025-11-15,delivered
199,300,95,1,2026-08-26,delivered
297,261,29,2,2026-09-06,cancelled
110,97,46,3,2026-03-29,pending
157,316,213,3,2026-04-07,shipped
211,300,87,2,2026-08-07,cancelled
287,304,203,1,2026-01-23,
281,293,193,2,2026-05-06,cancelled
161,303,153,1,2026-05-19,delivered
71,204,130,-1,2026-04-20,pending
241,305,114,1,2025-11-04,cancelled
249,320,192,-1,2026-01-24,
