product_id,product_name,category,price,stock_quantity
1,Re-contextualized dedicated firmware,Electronics,13.3,371
2,Programmable secondary database,Sports,244.68,270
3,Distributed local emulation,Clothing,448.83,70
4,Monitored demand-driven framework,Electronics,109.17,439
5,Grass-roots foreground Internet solution,Clothing,224.69,219
6,Customizable eco-centric contingency,Electronics,261.21,179
7,Persistent even-keeled firmware,Sports,167.06,167
8,Profit-focused maximized process improvement,Clothing,265.69,415
9,Multi-lateral multi-tasking installation,Sports,67.17,275
10,Object-based motivating projection,Beauty,252.57,106
11,Customizable zero administration portal,Electronics,427.13,402
12,Cross-group interactive instruction set,Electronics,296.67,102
13,Decentralized full-range array,Electronics,413.87,0
14,Right-sized high-level extranet,Home,130.38,377
15,Switchable web-enabled software,Clothing,132.33,488
16,Proactive 24hour system engine,Electronics,354.65,454
17,Front-line background firmware,Electronics,120.83,107
18,Fundamental reciprocal access,Sports,359.89,110
19,Cross-platform directional collaboration,Sports,417.1,34
20,Advanced background artificial intelligence,Electronics,188.86,484
21,Customer-focused heuristic knowledge user,Electronics,314.25,493
22,Open-source well-modulated attitude,Home,246.65,444
23,Stand-alone executive circuit,Sports,190.81,493
24,Fundamental full-range capacity,Electronics,115.38,105
25,Quality-focused systematic implementation,Electronics,91.09,64
26,Cross-group methodical frame,Sports,400.57,144
27,Devolved 4thgeneration hub,Sports,418.67,425
28,Monitored zero-defect array,Electronics,422.74,7
29,Profit-focused directional productivity,Sports,10.4,185
30,Distributed human-resource throughput,Electronics,189.75,103
31,Operative 3rdgeneration instruction set,Home,206.08,114
32,Cross-platform contextually-based access,Beauty,115.09,19
33,Ergonomic disintermediate function,Clothing,89.48,489
34,Digitized user-facing moderator,Electronics,292.97,392
35,Triple-buffered fault-tolerant software,Electronics,64.16,454
36,Down-sized mobile project,Electronics,113.81,191
37,Realigned object-oriented solution,Home,353.77,356
38,Future-proofed executive Local Area Network,Beauty,75.73,217
39,Exclusive asynchronous architecture,Sports,369.03,232
40,Profound 24/7 analyzer,Sports,451.51,110
41,Secured non-volatile paradigm,Home,70.33,485
42,Profound exuding process improvement,Electronics,355.27,200
43,Balanced national alliance,Beauty,130.48,452
44,Multi-tiered bifurcated website,Electronics,382.4,225
45,Enhanced interactive budgetary management,Home,250.4,481
46,Advanced impactful monitoring,Home,438.96,179
47,Visionary background service-desk,Beauty,87.04,169
48,Synergistic clear-thinking adapter,Electronics,403.61,389
49,Face-to-face mobile focus group,Beauty,7.64,345
50,Distributed uniform attitude,Home,493.67,318
51,Stand-alone value-added capacity,Sports,326.92,362
52,Horizontal bandwidth-monitored alliance,Clothing,130.38,121
53,Future-proofed intermediate capability,Sports,214.52,489
54,Robust real-time alliance,Clothing,6.99,277
55,Mandatory encompassing strategy,Home,356.74,491
56,Quality-focused motivating access,Home,5.38,131
57,Innovative logistical help-desk,Sports,166.79,451
58,Extended attitude-oriented customer loyalty,Home,411.22,280
59,Upgradable 24hour infrastructure,Beauty,26.43,179
60,Object-based contextually-based adapter,Beauty,257.22,130
61,Adaptive global functionalities,Electronics,183.06,500
62,Optimized intermediate forecast,Beauty,285.3,222
63,Mandatory neutral solution,Home,168.09,30
64,Vision-oriented global policy,Clothing,363.01,440
65,Multi-channeled foreground Internet solution,Beauty,297.02,80
66,Expanded 24hour concept,Clothing,360.31,374
67,Compatible 24/7 middleware,Electronics,47.29,480
68,Automated neutral access,Home,150.11,152
69,Organic interactive task-force,Home,222.09,199
70,Persistent actuating support,Beauty,390.17,34
71,Cross-group uniform initiative,Clothing,419.81,213
72,Progressive didactic software,Electronics,251.6,396
73,Balanced intermediate monitoring,Home,303.66,224
74,Diverse coherent model,Electronics,339.47,80
75,Assimilated neutral standardization,Beauty,173.8,206
76,Synchronized bi-directional protocol,Electronics,42.19,355
77,User-friendly didactic software,Sports,88.37,103
78,Multi-layered tertiary methodology,Home,90.85,160
79,Devolved human-resource core,Beauty,272.5,439
80,Secured multimedia circuit,Sports,386.05,152
81,Exclusive directional leverage,Sports,13.7,159
82,Devolved object-oriented array,Home,31.15,59
83,Self-enabling scalable conglomeration,Sports,413.11,20
84,Progressive needs-based projection,Beauty,327.64,330
85,Customizable mobile alliance,Electronics,204.85,400
86,Proactive asynchronous success,Home,331.77,310
87,Profound stable structure,Clothing,57.73,154
88,User-friendly transitional framework,Home,184.58,296
89,Phased object-oriented data-warehouse,Home,345.89,284
90,Programmable optimizing matrices,Home,244.67,489
91,Visionary uniform encoding,Sports,6.56,442
92,Innovative reciprocal complexity,Beauty,84.96,171
93,Cloned intangible strategy,Electronics,129.85,9
94,Seamless uniform flexibility,Sports,324.22,94
95,Monitored interactive capacity,Electronics,175.37,34
96,Fundamental dynamic extranet,Beauty,431.62,23
97,Distributed 4thgeneration encoding,Home,288.66,426
98,Function-based optimal middleware,Clothing,380.96,400
99,Seamless multi-tasking process improvement,Electronics,141.99,254
100,Managed motivating matrix,Electronics,106.18,130
101,User-friendly empowering encoding,Clothing,476.12,165
102,Innovative incremental alliance,Beauty,91.54,334
103,Enhanced dynamic instruction set,Beauty,301.91,380
104,De-engineered fresh-thinking time-frame,Beauty,403.96,102
105,Advanced asymmetric function,Home,392.83,46
106,Customer-focused interactive initiative,Electronics,297.12,15
107,Front-line explicit instruction set,Home,188.59,356
108,Programmable human-resource matrices,Clothing,264.83,22
109,Triple-buffered mobile groupware,Beauty,103.68,351
110,Phased analyzing Local Area Network,Home,117.98,229
111,Centralized client-server strategy,Beauty,30.65,38
112,Optimized tertiary parallelism,Beauty,15.03,320
113,Exclusive heuristic success,Electronics,494.63,336
114,Enterprise-wide context-sensitive array,Home,263.86,443
115,Multi-layered executive hardware,Sports,146.96,234
116,Universal system-worthy policy,Home,355.18,433
117,Customizable reciprocal service-desk,Sports,52.77,395
118,Diverse empowering instruction set,Beauty,430.44,342
119,Up-sized modular encoding,Home,416.59,47
120,Profit-focused 3rdgeneration task-force,Electronics,422.97,289
121,Total logistical initiative,Sports,429.09,178
122,Synergistic system-worthy software,Electronics,189.52,164
123,Upgradable zero administration hub,Clothing,465.79,449
124,Diverse didactic matrices,Clothing,390.96,113
125,Profound regional toolset,Clothing,445.03,116
126,Versatile regional utilization,Clothing,331.72,445
127,Digitized exuding framework,Sports,188.22,488
128,Proactive asynchronous benchmark,Electronics,72.53,166
129,Secured discrete leverage,Beauty,314.49,60
130,Focused intangible initiative,Clothing,59.04,164
131,Progressive static protocol,Electronics,275.01,343
132,Synergized zero administration encoding,Clothing,405.31,443
133,Adaptive tangible groupware,Electronics,278.5,178
134,Organized executive secured line,Clothing,408.34,134
135,Sharable executive model,Clothing,359.27,410
136,Implemented non-volatile structure,Beauty,272.1,324
137,Streamlined uniform leverage,Electronics,363.24,175
138,Streamlined exuding customer loyalty,Electronics,8.83,367
139,Quality-focused 4thgeneration capacity,Beauty,175.96,419
140,Digitized high-level database,Sports,106.57,100
141,Realigned context-sensitive paradigm,Electronics,20.8,205
142,Versatile full-range approach,Electronics,462.43,177
143,Organic mobile synergy,Sports,218.07,276
144,Realigned grid-enabled hierarchy,Electronics,335.65,134
145,Synergized value-added protocol,Electronics,32.68,494
146,Seamless fault-tolerant leverage,Home,82.83,496
147,Re-engineered directional archive,Beauty,265.09,171
148,Exclusive disintermediate Local Area Network,Clothing,52.25,355
149,Cross-platform needs-based toolset,Electronics,188.64,148
150,Realigned client-server task-force,Sports,181.34,385
151,Digitized logistical model,Sports,5.7,120
152,Persistent solution-oriented archive,Electronics,260.35,196
153,Synergistic empowering software,Beauty,495.68,180
154,Fundamental national matrices,Beauty,219.09,27
155,Reactive dedicated help-desk,Home,32.43,490
156,Stand-alone 6thgeneration collaboration,Electronics,428.29,245
157,Vision-oriented national definition,Clothing,262.57,352
158,Robust homogeneous leverage,Beauty,78.71,231
159,Ameliorated dynamic approach,Clothing,394.16,404
160,Secured attitude-oriented capacity,Beauty,192.77,175
161,Right-sized transitional info-mediaries,Clothing,376.66,346
162,Switchable exuding secured line,Electronics,265.55,148
163,Synergized fresh-thinking implementation,Home,195.78,368
164,Innovative solution-oriented middleware,Beauty,364.79,123
165,Pre-emptive mission-critical intranet,Beauty,264.87,70
166,Optimized reciprocal info-mediaries,Electronics,94.72,447
167,Upgradable object-oriented extranet,Home,362.11,314
168,Polarized 4thgeneration functionalities,Electronics,497.13,43
169,Up-sized cohesive superstructure,Home,6.18,112
170,Stand-alone dynamic frame,Home,435.96,242
171,Operative user-facing challenge,Home,280.29,440
172,Sharable neutral project,Clothing,353.18,204
173,Team-oriented regional conglomeration,Beauty,120.55,60
174,Networked grid-enabled interface,Clothing,485.36,119
175,Object-based systematic capability,Beauty,301.55,103
176,Reverse-engineered system-worthy algorithm,Electronics,11.17,411
177,Vision-oriented neutral firmware,Sports,240.77,250
178,Phased real-time archive,Beauty,89.97,224
179,Extended high-level project,Sports,30.38,424
180,Persistent upward-trending infrastructure,Clothing,260.82,463
181,Synergized foreground architecture,Beauty,421.25,206
182,Compatible bandwidth-monitored standardization,Clothing,190.79,486
183,Customizable heuristic functionalities,Electronics,148.35,13
184,Total dedicated encryption,Home,344.68,299
185,Front-line responsive hardware,Clothing,97.85,2
186,Front-line fresh-thinking standardization,Home,114.69,449
187,Customer-focused mobile framework,Sports,392.11,382
188,Persistent optimal orchestration,Electronics,99.07,442
189,Cloned analyzing initiative,Clothing,208.36,166
190,Networked eco-centric help-desk,Sports,494.22,462
191,Reverse-engineered asymmetric core,Sports,401.78,190
192,Re-contextualized executive productivity,Beauty,389.79,108
193,Multi-layered optimal leverage,Beauty,154.39,77
194,Fundamental background hub,Clothing,72.61,164
195,Multi-lateral object-oriented implementation,Beauty,463.83,227
196,Streamlined web-enabled system engine,Sports,273.0,142
197,Adaptive motivating website,Beauty,187.82,352
198,Reactive regional emulation,Sports,422.23,375
199,Centralized hybrid moratorium,Clothing,19.82,181
200,Sharable heuristic benchmark,Clothing,460.5,216
201,Reverse-engineered actuating access,Electronics,481.81,469
202,Configurable web-enabled hub,Sports,25.32,79
203,Self-enabling tertiary access,Clothing,299.47,280
204,Universal bi-directional data-warehouse,Sports,437.5,228
205,Function-based 5thgeneration frame,Clothing,338.66,103
206,Face-to-face transitional toolset,Electronics,462.44,96
207,Horizontal national Internet solution,Home,206.18,493
208,Organic web-enabled forecast,Sports,314.22,278
209,Ergonomic hybrid contingency,Clothing,182.51,60
210,Cross-group 5thgeneration array,Home,439.33,321
211,Customer-focused leadingedge capacity,Sports,275.85,69
212,Reduced 24hour frame,Clothing,309.82,364
213,Future-proofed multimedia model,Sports,214.57,287
214,Robust explicit flexibility,Clothing,229.82,327
215,Reduced actuating neural-net,Clothing,196.85,27
216,Self-enabling zero administration matrices,Home,74.77,82
217,Multi-lateral solution-oriented orchestration,Clothing,330.85,466
218,De-engineered mission-critical encryption,Clothing,152.68,48
219,Optimized background projection,Beauty,123.43,484
220,Balanced multi-tasking solution,Electronics,391.04,49
221,Function-based tertiary process improvement,Beauty,111.75,338
222,Multi-layered zero-defect groupware,Sports,154.51,25
223,Monitored attitude-oriented frame,Home,273.49,167
224,Programmable systemic capability,Sports,99.24,193
225,Automated 4thgeneration Internet solution,Beauty,261.0,42
226,Customer-focused hybrid approach,Beauty,62.24,406
227,Organic multi-state budgetary management,Electronics,377.58,273
228,Ergonomic bi-directional neural-net,Clothing,208.29,289
229,Compatible bifurcated policy,Electronics,22.06,482
230,Optimized scalable budgetary management,Home,128.81,291
231,Re-engineered asymmetric throughput,Beauty,92.06,296
232,User-friendly asynchronous support,Beauty,61.49,178
233,Future-proofed systemic Graphic Interface,Electronics,103.43,278
234,Upgradable tangible moderator,Clothing,490.55,350
235,Reduced tertiary contingency,Clothing,111.53,32
236,Right-sized zero tolerance website,Sports,233.48,84
237,Stand-alone didactic moratorium,Sports,373.31,419
238,De-engineered uniform interface,Sports,8.56,116
239,Streamlined dedicated Graphic Interface,Home,121.9,487
240,Streamlined holistic open architecture,Sports,468.68,199
241,Devolved motivating initiative,Electronics,461.7,348
242,Re-contextualized asymmetric capacity,Home,91.34,32
243,Managed static info-mediaries,Beauty,290.18,497
244,Profit-focused systemic product,Home,461.04,406
245,Managed bandwidth-monitored artificial intelligence,Clothing,82.2,224
246,Team-oriented static archive,Sports,496.94,267
247,Automated fault-tolerant intranet,Clothing,361.75,310
248,Fully-configurable human-resource challenge,Sports,301.04,168
249,Digitized system-worthy initiative,Sports,108.94,489
250,Optimized content-based synergy,Sports,156.93,224
251,User-friendly multi-tasking strategy,Home,449.84,0
252,Virtual well-modulated definition,Sports,162.57,344
253,Innovative 4thgeneration hub,Beauty,334.14,40
254,Seamless analyzing support,Electronics,306.63,286
255,Operative regional benchmark,Electronics,273.16,255
256,Implemented local system engine,Clothing,410.08,238
257,Multi-tiered discrete migration,Clothing,342.85,474
258,Business-focused even-keeled capacity,Clothing,309.63,271
259,Operative interactive orchestration,Clothing,201.93,91
260,Persevering systemic conglomeration,Sports,347.47,35
261,Automated incremental analyzer,Beauty,44.2,400
262,Integrated client-driven projection,Home,14.69,492
263,Reduced dynamic attitude,Electronics,270.12,195
264,Compatible tangible archive,Electronics,22.79,55
265,Self-enabling impactful hub,Electronics,104.62,201
266,Sharable high-level emulation,Clothing,475.75,36
267,Reverse-engineered modular protocol,Beauty,434.26,196
268,Customer-focused methodical challenge,Clothing,468.73,458
269,Multi-tiered upward-trending website,Beauty,236.5,190
270,Self-enabling global open architecture,Beauty,194.12,358
271,Realigned grid-enabled focus group,Sports,442.69,164
272,Triple-buffered interactive core,Clothing,442.07,467
273,Stand-alone zero tolerance matrices,Sports,372.84,195
274,Right-sized clear-thinking neural-net,Home,85.64,56
275,Persevering contextually-based time-frame,Home,412.47,338
276,Robust object-oriented success,Beauty,450.7,354
277,Customer-focused 24/7 array,Sports,62.59,5
278,Triple-buffered 3rdgeneration open architecture,Clothing,363.33,26
279,Reverse-engineered client-server conglomeration,Beauty,329.96,373
280,Ergonomic systemic Graphic Interface,Electronics,431.8,382
281,Reactive 4thgeneration firmware,Clothing,336.02,196
282,Multi-channeled homogeneous approach,Electronics,291.0,188
283,Reverse-engineered asymmetric implementation,Sports,150.45,108
284,Customer-focused systematic emulation,Clothing,166.75,68
285,Visionary holistic groupware,Home,437.18,186
286,Visionary national support,Home,489.46,389
287,Total 24/7 circuit,Sports,260.84,248
288,Devolved systematic capacity,Beauty,13.26,74
289,Diverse responsive task-force,Home,118.69,432
290,Optimized scalable framework,Clothing,376.99,294
291,Secured high-level customer loyalty,Clothing,289.35,27
292,Polarized global infrastructure,Beauty,132.8,424
293,Distributed grid-enabled functionalities,Electronics,236.21,317
294,Fundamental foreground instruction set,Beauty,145.34,331
295,Polarized solution-oriented access,Beauty,367.01,400
296,Mandatory even-keeled artificial intelligence,Sports,113.51,432
297,Switchable client-server artificial intelligence,Beauty,51.76,57
298,Robust zero administration product,Home,361.72,66
299,Exclusive intangible standardization,Beauty,93.46,276
300,Operative client-driven capacity,Home,269.47,363
