customer_id,first_name,last_name,email,signup_date,country,source_table,rejection_reason,order_id,product_id,quantity,order_date,status
20,Wesley,Hess,,2024-10-30,Central African Republic,customers,missing email,,,,,
38,Richard,Rangel,,2026-03-26,Yemen,customers,missing email,,,,,
46,Charles,Young,,2025-11-01,British Indian Ocean Territory (Chagos Archipelago),customers,missing email,,,,,
69,Roger,Robinson,,2024-10-02,Congo,customers,missing email,,,,,
99,Arthur,James,,2025-07-04,Comoros,customers,missing email,,,,,
144,Cheryl,Gutierrez,,2025-03-26,Uzbekistan,customers,missing email,,,,,
148,Jillian,Gardner,,2024-10-05,Tunisia,customers,missing email,,,,,
149,Alicia,Smith,,2025-07-23,Botswana,customers,missing email,,,,,
150,Lawrence,Hernandez,,2025-04-19,Turkey,customers,missing email,,,,,
175,Nancy,Hodges,,2025-05-28,Pakistan,customers,missing email,,,,,
187,Jennifer,Kelley,,2025-11-14,Bulgaria,customers,missing email,,,,,
202,Zoe,Osborn,,2025-06-02,Japan,customers,missing email,,,,,
219,Dominic,Martin,,2024-10-01,Ghana,customers,missing email,,,,,
231,Wanda,Adams,,2026-07-28,Georgia,customers,missing email,,,,,
56,,,,,,orders,invalid quantity,2.0,7.0,-1.0,2026-08-03,shipped
314,,,,,,orders,customer_id 314 not found,5.0,161.0,2.0,2026-07-26,delivered
309,,,,,,orders,invalid quantity,6.0,47.0,-1.0,2025-11-09,delivered
28,,,,,,orders,invalid quantity,7.0,193.0,-1.0,2026-05-30,shipped
219,,,,,,orders,missing status,8.0,232.0,3.0,2026-03-16,
51,,,,,,orders,missing status,9.0,225.0,2.0,2026-04-26,
303,,,,,,orders,customer_id 303 not found,11.0,194.0,2.0,2025-12-08,shipped
296,,,,,,orders,product_id 308 not found,12.0,308.0,1.0,2026-07-16,pending
314,,,,,,orders,missing status,13.0,280.0,1.0,2026-08-05,
110,,,,,,orders,product_id 315 not found,15.0,315.0,3.0,2026-08-23,delivered
305,,,,,,orders,invalid quantity,16.0,270.0,-1.0,2026-03-12,delivered
305,,,,,,orders,customer_id 305 not found,17.0,303.0,3.0,2025-10-27,cancelled
315,,,,,,orders,customer_id 315 not found,21.0,111.0,3.0,2026-09-07,pending
308,,,,,,orders,customer_id 308 not found,22.0,125.0,1.0,2026-07-26,cancelled
148,,,,,,orders,missing order_date,24.0,9.0,3.0,,
290,,,,,,orders,invalid quantity,25.0,157.0,-1.0,2026-05-29,pending
314,,,,,,orders,invalid quantity,26.0,206.0,-1.0,2026-07-26,delivered
14,,,,,,orders,invalid quantity,29.0,220.0,-1.0,2025-12-23,pending
312,,,,,,orders,customer_id 312 not found,30.0,99.0,2.0,2026-01-31,pending
315,,,,,,orders,customer_id 315 not found,32.0,19.0,3.0,2025-10-05,delivered
308,,,,,,orders,invalid quantity,33.0,150.0,-1.0,2026-02-12,pending
309,,,,,,orders,customer_id 309 not found,34.0,17.0,1.0,2026-05-10,shipped
320,,,,,,orders,missing status,35.0,215.0,2.0,2026-07-17,
154,,,,,,orders,invalid quantity,36.0,180.0,-1.0,2025-12-05,shipped
173,,,,,,orders,missing status,38.0,236.0,3.0,2025-12-07,
311,,,,,,orders,customer_id 311 not found,39.0,230.0,2.0,2026-02-02,pending
319,,,,,,orders,customer_id 319 not found,40.0,288.0,2.0,2026-02-27,cancelled
291,,,,,,orders,missing status,41.0,194.0,2.0,2026-03-06,
149,,,,,,orders,missing order_date,42.0,68.0,-1.0,,delivered
302,,,,,,orders,missing status,43.0,109.0,-1.0,2026-02-18,
298,,,,,,orders,missing status,44.0,65.0,-1.0,2025-11-27,
293,,,,,,orders,invalid quantity,47.0,38.0,-1.0,2026-07-24,delivered
296,,,,,,orders,missing status,48.0,83.0,3.0,2026-06-11,
306,,,,,,orders,invalid quantity,49.0,27.0,-1.0,2025-11-28,cancelled
276,,,,,,orders,missing status,50.0,48.0,3.0,2025-10-07,
290,,,,,,orders,invalid quantity,51.0,317.0,-1.0,2025-12-10,shipped
316,,,,,,orders,invalid quantity,52.0,72.0,-1.0,2026-08-15,delivered
303,,,,,,orders,customer_id 303 not found,55.0,90.0,2.0,2026-03-15,delivered
46,,,,,,orders,customer_id 46 not found,56.0,151.0,1.0,2026-05-27,delivered
73,,,,,,orders,missing status,58.0,8.0,1.0,2025-11-04,
167,,,,,,orders,invalid quantity,59.0,19.0,-1.0,2026-03-19,cancelled
289,,,,,,orders,missing status,60.0,316.0,3.0,2025-11-23,
281,,,,,,orders,invalid quantity,62.0,187.0,-1.0,2026-08-23,shipped
315,,,,,,orders,missing status,67.0,286.0,1.0,2025-12-25,
317,,,,,,orders,customer_id 317 not found,68.0,53.0,1.0,2025-12-13,cancelled
232,,,,,,orders,product_id 306 not found,69.0,306.0,2.0,2025-09-25,cancelled
319,,,,,,orders,customer_id 319 not found,70.0,48.0,1.0,2026-06-23,pending
204,,,,,,orders,invalid quantity,71.0,130.0,-1.0,2026-04-20,pending
99,,,,,,orders,customer_id 99 not found,72.0,192.0,1.0,2026-04-22,delivered
296,,,,,,orders,invalid quantity,73.0,81.0,-1.0,2026-06-20,shipped
317,,,,,,orders,missing status,75.0,44.0,3.0,2026-03-24,
302,,,,,,orders,invalid quantity,76.0,207.0,-1.0,2026-05-26,shipped
318,,,,,,orders,invalid quantity,77.0,319.0,-1.0,2026-08-11,shipped
308,,,,,,orders,customer_id 308 not found,78.0,44.0,3.0,2026-03-01,cancelled
231,,,,,,orders,missing status,79.0,285.0,-1.0,2025-11-27,
307,,,,,,orders,missing status,80.0,190.0,-1.0,2025-10-29,
307,,,,,,orders,invalid quantity,81.0,30.0,-1.0,2025-12-11,delivered
294,,,,,,orders,missing status,82.0,67.0,3.0,2026-03-06,
147,,,,,,orders,product_id 309 not found,84.0,309.0,1.0,2026-04-12,shipped
320,,,,,,orders,missing status,85.0,7.0,3.0,2026-06-23,
307,,,,,,orders,missing status,86.0,205.0,-1.0,2026-02-04,
317,,,,,,orders,customer_id 317 not found,88.0,147.0,2.0,2026-03-21,cancelled
296,,,,,,orders,missing status,90.0,155.0,1.0,2026-07-22,
316,,,,,,orders,customer_id 316 not found,92.0,12.0,3.0,2026-08-29,shipped
312,,,,,,orders,invalid quantity,94.0,260.0,-1.0,2025-09-15,cancelled
316,,,,,,orders,customer_id 316 not found,96.0,244.0,1.0,2026-05-01,cancelled
171,,,,,,orders,missing status,98.0,187.0,-1.0,2026-03-03,
316,,,,,,orders,missing status,99.0,3.0,1.0,2026-05-22,
50,,,,,,orders,invalid quantity,101.0,217.0,-1.0,2026-08-11,pending
319,,,,,,orders,missing status,102.0,254.0,3.0,2026-08-05,
312,,,,,,orders,customer_id 312 not found,106.0,174.0,1.0,2025-11-15,shipped
317,,,,,,orders,customer_id 317 not found,107.0,28.0,2.0,2026-08-24,cancelled
226,,,,,,orders,missing order_date,112.0,268.0,3.0,,shipped
305,,,,,,orders,customer_id 305 not found,114.0,35.0,3.0,2025-12-29,shipped
6,,,,,,orders,product_id 314 not found,116.0,314.0,3.0,2026-07-11,cancelled
294,,,,,,orders,missing status,117.0,245.0,2.0,2025-09-15,
306,,,,,,orders,customer_id 306 not found,118.0,266.0,2.0,2025-10-20,pending
312,,,,,,orders,missing status,119.0,19.0,3.0,2025-10-10,
294,,,,,,orders,missing status,120.0,10.0,1.0,2026-03-11,
56,,,,,,orders,invalid quantity,121.0,16.0,-1.0,2026-02-25,pending
305,,,,,,orders,customer_id 305 not found,122.0,54.0,1.0,2026-08-15,cancelled
285,,,,,,orders,invalid quantity,123.0,120.0,-1.0,2026-04-11,cancelled
315,,,,,,orders,customer_id 315 not found,124.0,263.0,1.0,2026-07-14,delivered
192,,,,,,orders,invalid quantity,126.0,58.0,-1.0,2025-12-29,shipped
307,,,,,,orders,customer_id 307 not found,127.0,32.0,1.0,2026-07-03,pending
312,,,,,,orders,missing status,129.0,240.0,3.0,2026-08-10,
303,,,,,,orders,customer_id 303 not found,130.0,83.0,1.0,2025-11-03,delivered
318,,,,,,orders,customer_id 318 not found,131.0,98.0,1.0,2026-08-05,pending
316,,,,,,orders,invalid quantity,132.0,254.0,-1.0,2026-03-18,delivered
275,,,,,,orders,invalid quantity,133.0,28.0,-1.0,2026-01-06,shipped
210,,,,,,orders,missing status,134.0,225.0,3.0,2025-11-03,
164,,,,,,orders,invalid quantity,135.0,168.0,-1.0,2026-03-22,cancelled
317,,,,,,orders,customer_id 317 not found,137.0,256.0,2.0,2026-02-21,cancelled
312,,,,,,orders,customer_id 312 not found,140.0,200.0,3.0,2026-01-24,delivered
299,,,,,,orders,missing status,141.0,16.0,2.0,2026-02-10,
194,,,,,,orders,invalid quantity,144.0,276.0,-1.0,2026-08-15,pending
153,,,,,,orders,missing status,145.0,214.0,-1.0,2026-04-08,
62,,,,,,orders,invalid quantity,149.0,35.0,-1.0,2026-05-25,delivered
316,,,,,,orders,customer_id 316 not found,150.0,206.0,2.0,2025-11-05,cancelled
305,,,,,,orders,invalid quantity,151.0,72.0,-1.0,2025-11-06,cancelled
298,,,,,,orders,product_id 314 not found,152.0,314.0,2.0,2025-11-30,pending
316,,,,,,orders,customer_id 316 not found,157.0,213.0,3.0,2026-04-07,shipped
156,,,,,,orders,missing status,158.0,317.0,3.0,2025-10-08,
318,,,,,,orders,customer_id 318 not found,159.0,302.0,3.0,2026-01-27,cancelled
299,,,,,,orders,missing status,160.0,244.0,3.0,2026-05-30,
303,,,,,,orders,customer_id 303 not found,161.0,153.0,1.0,2026-05-19,delivered
312,,,,,,orders,customer_id 312 not found,163.0,87.0,2.0,2026-06-24,shipped
149,,,,,,orders,invalid quantity,164.0,237.0,-1.0,2026-08-23,pending
320,,,,,,orders,invalid quantity,165.0,233.0,-1.0,2026-03-13,shipped
217,,,,,,orders,missing status,167.0,135.0,3.0,2025-10-01,
81,,,,,,orders,missing status,168.0,115.0,-1.0,2025-09-18,
292,,,,,,orders,product_id 306 not found,169.0,306.0,2.0,2026-03-10,delivered
260,,,,,,orders,invalid quantity,170.0,269.0,-1.0,2026-03-22,delivered
235,,,,,,orders,missing status,171.0,231.0,3.0,2026-07-26,
295,,,,,,orders,invalid quantity,172.0,249.0,-1.0,2026-01-12,pending
301,,,,,,orders,missing status,173.0,176.0,3.0,2025-11-28,
304,,,,,,orders,customer_id 304 not found,175.0,83.0,2.0,2025-12-19,pending
317,,,,,,orders,invalid quantity,176.0,200.0,-1.0,2026-02-06,shipped
317,,,,,,orders,missing status,178.0,275.0,1.0,2025-10-18,
301,,,,,,orders,customer_id 301 not found,179.0,264.0,3.0,2026-02-22,delivered
319,,,,,,orders,customer_id 319 not found,180.0,38.0,1.0,2025-11-23,delivered
14,,,,,,orders,invalid quantity,181.0,171.0,-1.0,2026-01-03,shipped
20,,,,,,orders,missing status,182.0,63.0,3.0,2026-05-05,
296,,,,,,orders,missing status,184.0,239.0,1.0,2025-11-15,
302,,,,,,orders,customer_id 302 not found,185.0,289.0,1.0,2026-02-26,shipped
311,,,,,,orders,invalid quantity,186.0,63.0,-1.0,2026-08-17,pending
299,,,,,,orders,missing status,187.0,211.0,-1.0,2026-06-06,
314,,,,,,orders,missing status,188.0,199.0,2.0,2025-10-01,
318,,,,,,orders,customer_id 318 not found,190.0,146.0,2.0,2026-01-25,pending
70,,,,,,orders,missing order_date,193.0,143.0,-1.0,,
307,,,,,,orders,missing status,195.0,291.0,3.0,2025-12-18,
316,,,,,,orders,customer_id 316 not found,196.0,213.0,2.0,2026-04-07,shipped
315,,,,,,orders,missing status,197.0,62.0,1.0,2026-04-02,
164,,,,,,orders,invalid quantity,198.0,225.0,-1.0,2026-03-05,cancelled
27,,,,,,orders,missing status,203.0,318.0,2.0,2025-11-01,
64,,,,,,orders,missing status,204.0,193.0,-1.0,2026-02-16,
312,,,,,,orders,invalid quantity,207.0,237.0,-1.0,2026-08-10,shipped
308,,,,,,orders,missing status,208.0,89.0,1.0,2026-03-22,
300,,,,,,orders,product_id 301 not found,210.0,301.0,2.0,2026-06-02,delivered
213,,,,,,orders,missing status,212.0,172.0,1.0,2025-12-16,
320,,,,,,orders,customer_id 320 not found,213.0,241.0,2.0,2026-02-14,delivered
314,,,,,,orders,missing status,214.0,116.0,-1.0,2026-09-01,
316,,,,,,orders,invalid quantity,216.0,243.0,-1.0,2026-05-09,delivered
320,,,,,,orders,customer_id 320 not found,220.0,280.0,2.0,2026-08-25,cancelled
303,,,,,,orders,customer_id 303 not found,221.0,171.0,2.0,2026-08-19,shipped
308,,,,,,orders,customer_id 308 not found,222.0,159.0,1.0,2025-11-09,pending
290,,,,,,orders,missing status,223.0,32.0,-1.0,2025-09-29,
306,,,,,,orders,missing order_date,224.0,94.0,2.0,,pending
313,,,,,,orders,customer_id 313 not found,225.0,171.0,1.0,2026-02-02,cancelled
231,,,,,,orders,missing status,226.0,305.0,2.0,2026-02-20,
311,,,,,,orders,customer_id 311 not found,229.0,171.0,3.0,2025-10-01,delivered
130,,,,,,orders,product_id 315 not found,231.0,315.0,1.0,2026-01-02,cancelled
131,,,,,,orders,missing order_date,232.0,12.0,1.0,,cancelled
297,,,,,,orders,invalid quantity,233.0,276.0,-1.0,2026-04-15,delivered
201,,,,,,orders,missing order_date,234.0,128.0,2.0,,delivered
46,,,,,,orders,missing status,235.0,77.0,3.0,2025-12-16,
123,,,,,,orders,invalid quantity,236.0,273.0,-1.0,2026-03-16,shipped
30,,,,,,orders,missing status,237.0,36.0,2.0,2026-03-02,
318,,,,,,orders,customer_id 318 not found,238.0,90.0,2.0,2026-04-29,shipped
304,,,,,,orders,missing status,239.0,81.0,1.0,2026-02-09,
144,,,,,,orders,customer_id 144 not found,240.0,82.0,1.0,2026-06-09,shipped
305,,,,,,orders,customer_id 305 not found,241.0,114.0,1.0,2025-11-04,cancelled
314,,,,,,orders,customer_id 314 not found,242.0,129.0,3.0,2026-06-01,cancelled
310,,,,,,orders,customer_id 310 not found,243.0,93.0,3.0,2025-11-03,delivered
101,,,,,,orders,missing status,244.0,174.0,3.0,2026-03-09,
44,,,,,,orders,invalid quantity,246.0,57.0,-1.0,2026-03-10,shipped
320,,,,,,orders,missing status,249.0,192.0,-1.0,2026-01-24,
281,,,,,,orders,invalid quantity,251.0,68.0,-1.0,2025-09-19,pending
302,,,,,,orders,missing status,253.0,108.0,-1.0,2026-05-28,
307,,,,,,orders,customer_id 307 not found,254.0,113.0,3.0,2026-07-24,pending
290,,,,,,orders,invalid quantity,255.0,137.0,-1.0,2026-08-29,shipped
310,,,,,,orders,customer_id 310 not found,256.0,275.0,2.0,2026-09-07,pending
308,,,,,,orders,invalid quantity,257.0,7.0,-1.0,2025-09-27,shipped
296,,,,,,orders,missing status,258.0,248.0,3.0,2026-06-17,
308,,,,,,orders,invalid quantity,259.0,190.0,-1.0,2025-12-14,delivered
293,,,,,,orders,missing status,260.0,27.0,-1.0,2025-09-18,
293,,,,,,orders,invalid quantity,261.0,130.0,-1.0,2026-05-16,delivered
308,,,,,,orders,customer_id 308 not found,264.0,28.0,2.0,2026-02-17,cancelled
52,,,,,,orders,missing status,265.0,179.0,-1.0,2026-05-12,
86,,,,,,orders,invalid quantity,266.0,297.0,-1.0,2025-10-14,shipped
310,,,,,,orders,invalid quantity,267.0,178.0,-1.0,2026-01-03,shipped
319,,,,,,orders,customer_id 319 not found,268.0,82.0,2.0,2026-02-06,cancelled
124,,,,,,orders,missing status,269.0,218.0,1.0,2026-03-09,
314,,,,,,orders,invalid quantity,270.0,171.0,-1.0,2026-04-09,cancelled
312,,,,,,orders,missing status,271.0,142.0,-1.0,2026-01-22,
210,,,,,,orders,missing status,272.0,40.0,-1.0,2025-10-13,
157,,,,,,orders,invalid quantity,274.0,244.0,-1.0,2025-09-21,shipped
317,,,,,,orders,invalid quantity,275.0,121.0,-1.0,2026-04-19,delivered
306,,,,,,orders,missing status,276.0,289.0,-1.0,2026-05-13,
175,,,,,,orders,missing status,277.0,15.0,3.0,2026-01-26,
276,,,,,,orders,missing order_date,278.0,37.0,-1.0,,cancelled
319,,,,,,orders,customer_id 319 not found,279.0,73.0,3.0,2026-01-24,cancelled
301,,,,,,orders,customer_id 301 not found,282.0,230.0,2.0,2026-07-01,shipped
315,,,,,,orders,missing order_date,283.0,292.0,2.0,,delivered
303,,,,,,orders,customer_id 303 not found,285.0,149.0,1.0,2026-03-18,shipped
308,,,,,,orders,customer_id 308 not found,286.0,277.0,2.0,2026-08-17,pending
304,,,,,,orders,missing status,287.0,203.0,1.0,2026-01-23,
299,,,,,,orders,missing status,288.0,126.0,2.0,2025-12-02,
316,,,,,,orders,missing status,290.0,207.0,3.0,2026-09-04,
239,,,,,,orders,missing status,291.0,279.0,2.0,2026-04-19,
313,,,,,,orders,invalid quantity,292.0,192.0,-1.0,2026-01-21,cancelled
309,,,,,,orders,missing status,294.0,232.0,-1.0,2025-10-01,
119,,,,,,orders,missing status,296.0,113.0,3.0,2026-03-03,
303,,,,,,orders,customer_id 303 not found,298.0,313.0,2.0,2025-10-06,pending
318,,,,,,orders,customer_id 318 not found,300.0,149.0,3.0,2026-07-26,delivered
312,,,,,,orders,invalid quantity,301.0,14.0,-1.0,2025-11-09,pending
319,,,,,,orders,invalid quantity,304.0,295.0,-1.0,2026-05-09,pending
301,,,,,,orders,customer_id 301 not found,305.0,10.0,1.0,2026-08-31,delivered
295,,,,,,orders,missing order_date,307.0,45.0,-1.0,,
318,,,,,,orders,customer_id 318 not found,308.0,16.0,2.0,2026-05-29,pending
98,,,,,,orders,missing status,309.0,93.0,1.0,2026-06-24,
269,,,,,,orders,missing status,310.0,245.0,1.0,2025-12-08,
318,,,,,,orders,customer_id 318 not found,313.0,194.0,2.0,2026-03-19,shipped
320,,,,,,orders,customer_id 320 not found,318.0,36.0,3.0,2026-04-29,shipped
314,,,,,,orders,missing status,319.0,178.0,3.0,2025-12-26,
318,,,,,,orders,missing status,320.0,188.0,1.0,2025-12-31,
301,,,,,,orders,customer_id 301 not found,322.0,32.0,1.0,2026-01-13,cancelled
304,,,,,,orders,missing status,323.0,155.0,1.0,2026-03-25,
302,,,,,,orders,invalid quantity,324.0,87.0,-1.0,2026-04-07,pending
203,,,,,,orders,missing status,329.0,219.0,2.0,2025-10-18,
302,,,,,,orders,invalid quantity,330.0,33.0,-1.0,2026-05-08,cancelled
303,,,,,,orders,customer_id 303 not found,331.0,312.0,1.0,2026-03-21,cancelled
308,,,,,,orders,customer_id 308 not found,333.0,126.0,1.0,2026-01-09,pending
78,,,,,,orders,missing order_date,334.0,42.0,3.0,,shipped
190,,,,,,orders,invalid quantity,335.0,141.0,-1.0,2026-03-06,cancelled
289,,,,,,orders,missing status,336.0,16.0,3.0,2026-07-09,
66,,,,,,orders,missing status,337.0,18.0,1.0,2025-12-27,
260,,,,,,orders,missing status,339.0,118.0,3.0,2025-10-28,
217,,,,,,orders,invalid quantity,340.0,158.0,-1.0,2026-02-16,shipped
301,,,,,,orders,customer_id 301 not found,341.0,253.0,1.0,2025-09-25,shipped
299,,,,,,orders,invalid quantity,344.0,77.0,-1.0,2026-07-09,cancelled
76,,,,,,orders,invalid quantity,345.0,70.0,-1.0,2026-01-10,shipped
298,,,,,,orders,invalid quantity,348.0,203.0,-1.0,2026-06-15,shipped
180,,,,,,orders,invalid quantity,349.0,152.0,-1.0,2026-05-31,pending
314,,,,,,orders,missing status,350.0,266.0,3.0,2025-10-30,
